Time_s,R1PhaseCurrent_A,R2PhaseCurrent_A,R3PhaseCurrent_A,R4PhaseCurrent_A,B1Closed,B2Closed,B3Closed,B4Closed,PVClosed,FaultCurrent_A,PVCurrent_A
0,84.7886889275239,76.9860209218219,131.301974261226,75.3193160505807,1,1,1,1,1,0,211.569034845406
0.001,84.7886889275239,76.9860209218219,131.301974261226,75.3193160505807,1,1,1,1,1,0,211.569034845406
0.002,84.7886889275239,76.9860209218219,131.301974261226,75.3193160505807,1,1,1,1,1,0,211.569034845406
0.003,84.7886889275239,76.9860209218219,131.301974261226,75.3193160505807,1,1,1,1,1,0,211.569034845406
0.004,84.7886889275239,76.9860209218219,131.301974261226,75.3193160505807,1,1,1,1,1,0,211.569034845406
0.005,84.7886889275239,76.9860209218219,131.301974261226,75.3193160505807,1,1,1,1,1,0,211.569034845406
0.006,84.7886889275239,76.9860209218219,131.301974261226,75.3193160505807,1,1,1,1,1,0,211.569034845406
0.007,84.7886889275239,76.9860209218219,131.301974261226,75.3193160505807,1,1,1,1,1,0,211.569034845406
0.008,84.7886889275239,76.9860209218219,131.301974261226,75.3193160505807,1,1,1,1,1,0,211.569034845406
0.009,84.7886889275239,76.9860209218219,131.301974261226,75.3193160505807,1,1,1,1,1,0,211.569034845406
0.01,84.7886889275239,76.9860209218219,131.301974261226,75.3193160505807,1,1,1,1,1,0,211.569034845406
0.011,84.7886889275239,76.9860209218219,131.301974261226,75.3193160505807,1,1,1,1,1,0,211.569034845406
0.012,84.7886889275239,76.9860209218219,131.301974261226,75.3193160505807,1,1,1,1,1,0,211.569034845406
0.013,84.7886889275239,76.9860209218219,131.301974261226,75.3193160505807,1,1,1,1,1,0,211.569034845406
0.014,84.7886889275239,76.9860209218219,131.301974261226,75.3193160505807,1,1,1,1,1,0,211.569034845406
0.015,84.7886889275239,76.9860209218219,131.301974261226,75.3193160505807,1,1,1,1,1,0,211.569034845406
0.016,84.7886889275239,76.9860209218219,131.301974261226,75.3193160505807,1,1,1,1,1,0,211.569034845406
0.017,84.7886889275239,76.9860209218219,131.301974261226,75.3193160505807,1,1,1,1,1,0,211.569034845406
0.018,84.7886889275239,76.9860209218219,131.301974261226,75.3193160505807,1,1,1,1,1,0,211.569034845406
0.019,84.7886889275239,76.9860209218219,131.301974261226,75.3193160505807,1,1,1,1,1,0,211.569034845406
0.02,84.7886889275239,76.9860209218219,131.301974261226,75.3193160505807,1,1,1,1,1,0,211.569034845406
0.021,84.7886889275239,76.9860209218219,131.301974261226,75.3193160505807,1,1,1,1,1,0,211.569034845406
0.022,84.7886889275239,76.9860209218219,131.301974261226,75.3193160505807,1,1,1,1,1,0,211.569034845406
0.023,84.7886889275239,76.9860209218219,131.301974261226,75.3193160505807,1,1,1,1,1,0,211.569034845406
0.024,84.7886889275239,76.9860209218219,131.301974261226,75.3193160505807,1,1,1,1,1,0,211.569034845406
0.025,84.7886889275239,76.9860209218219,131.301974261226,75.3193160505807,1,1,1,1,1,0,211.569034845406
0.026,84.7886889275239,76.9860209218219,131.301974261226,75.3193160505807,1,1,1,1,1,0,211.569034845406
0.027,84.7886889275239,76.9860209218219,131.301974261226,75.3193160505807,1,1,1,1,1,0,211.569034845406
0.028,84.7886889275239,76.9860209218219,131.301974261226,75.3193160505807,1,1,1,1,1,0,211.569034845406
0.029,84.7886889275239,76.9860209218219,131.301974261226,75.3193160505807,1,1,1,1,1,0,211.569034845406
0.03,84.7886889275239,76.9860209218219,131.301974261226,75.3193160505807,1,1,1,1,1,0,211.569034845406
0.031,84.7886889275239,76.9860209218219,131.301974261226,75.3193160505807,1,1,1,1,1,0,211.569034845406
0.032,84.7886889275239,76.9860209218219,131.301974261226,75.3193160505807,1,1,1,1,1,0,211.569034845406
0.033,84.7886889275239,76.9860209218219,131.301974261226,75.3193160505807,1,1,1,1,1,0,211.569034845406
0.034,84.7886889275239,76.9860209218219,131.301974261226,75.3193160505807,1,1,1,1,1,0,211.569034845406
0.035,84.7886889275239,76.9860209218219,131.301974261226,75.3193160505807,1,1,1,1,1,0,211.569034845406
0.036,84.7886889275239,76.9860209218219,131.301974261226,75.3193160505807,1,1,1,1,1,0,211.569034845406
0.037,84.7886889275239,76.9860209218219,131.301974261226,75.3193160505807,1,1,1,1,1,0,211.569034845406
0.038,84.7886889275239,76.9860209218219,131.301974261226,75.3193160505807,1,1,1,1,1,0,211.569034845406
0.039,84.7886889275239,76.9860209218219,131.301974261226,75.3193160505807,1,1,1,1,1,0,211.569034845406
0.04,84.7886889275239,76.9860209218219,131.301974261226,75.3193160505807,1,1,1,1,1,0,211.569034845406
0.041,84.7886889275239,76.9860209218219,131.301974261226,75.3193160505807,1,1,1,1,1,0,211.569034845406
0.042,84.7886889275239,76.9860209218219,131.301974261226,75.3193160505807,1,1,1,1,1,0,211.569034845406
0.043,84.7886889275239,76.9860209218219,131.301974261226,75.3193160505807,1,1,1,1,1,0,211.569034845406
0.044,84.7886889275239,76.9860209218219,131.301974261226,75.3193160505807,1,1,1,1,1,0,211.569034845406
0.045,84.7886889275239,76.9860209218219,131.301974261226,75.3193160505807,1,1,1,1,1,0,211.569034845406
0.046,84.7886889275239,76.9860209218219,131.301974261226,75.3193160505807,1,1,1,1,1,0,211.569034845406
0.047,84.7886889275239,76.9860209218219,131.301974261226,75.3193160505807,1,1,1,1,1,0,211.569034845406
0.048,84.7886889275239,76.9860209218219,131.301974261226,75.3193160505807,1,1,1,1,1,0,211.569034845406
0.049,84.7886889275239,76.9860209218219,131.301974261226,75.3193160505807,1,1,1,1,1,0,211.569034845406
0.05,84.7886889275239,76.9860209218219,131.301974261226,75.3193160505807,1,1,1,1,1,0,211.569034845406
0.051,84.7886889275239,76.9860209218219,131.301974261226,75.3193160505807,1,1,1,1,1,0,211.569034845406
0.052,84.7886889275239,76.9860209218219,131.301974261226,75.3193160505807,1,1,1,1,1,0,211.569034845406
0.053,84.7886889275239,76.9860209218219,131.301974261226,75.3193160505807,1,1,1,1,1,0,211.569034845406
0.054,84.7886889275239,76.9860209218219,131.301974261226,75.3193160505807,1,1,1,1,1,0,211.569034845406
0.055,84.7886889275239,76.9860209218219,131.301974261226,75.3193160505807,1,1,1,1,1,0,211.569034845406
0.056,84.7886889275239,76.9860209218219,131.301974261226,75.3193160505807,1,1,1,1,1,0,211.569034845406
0.057,84.7886889275239,76.9860209218219,131.301974261226,75.3193160505807,1,1,1,1,1,0,211.569034845406
0.058,84.7886889275239,76.9860209218219,131.301974261226,75.3193160505807,1,1,1,1,1,0,211.569034845406
0.059,84.7886889275239,76.9860209218219,131.301974261226,75.3193160505807,1,1,1,1,1,0,211.569034845406
0.06,84.7886889275239,76.9860209218219,131.301974261226,75.3193160505807,1,1,1,1,1,0,211.569034845406
0.061,84.7886889275239,76.9860209218219,131.301974261226,75.3193160505807,1,1,1,1,1,0,211.569034845406
0.062,84.7886889275239,76.9860209218219,131.301974261226,75.3193160505807,1,1,1,1,1,0,211.569034845406
0.063,84.7886889275239,76.9860209218219,131.301974261226,75.3193160505807,1,1,1,1,1,0,211.569034845406
0.064,84.7886889275239,76.9860209218219,131.301974261226,75.3193160505807,1,1,1,1,1,0,211.569034845406
0.065,84.7886889275239,76.9860209218219,131.301974261226,75.3193160505807,1,1,1,1,1,0,211.569034845406
0.066,84.7886889275239,76.9860209218219,131.301974261226,75.3193160505807,1,1,1,1,1,0,211.569034845406
0.067,84.7886889275239,76.9860209218219,131.301974261226,75.3193160505807,1,1,1,1,1,0,211.569034845406
0.068,84.7886889275239,76.9860209218219,131.301974261226,75.3193160505807,1,1,1,1,1,0,211.569034845406
0.069,84.7886889275239,76.9860209218219,131.301974261226,75.3193160505807,1,1,1,1,1,0,211.569034845406
0.07,84.7886889275239,76.9860209218219,131.301974261226,75.3193160505807,1,1,1,1,1,0,211.569034845406
0.071,84.7886889275239,76.9860209218219,131.301974261226,75.3193160505807,1,1,1,1,1,0,211.569034845406
0.072,84.7886889275239,76.9860209218219,131.301974261226,75.3193160505807,1,1,1,1,1,0,211.569034845406
0.073,84.7886889275239,76.9860209218219,131.301974261226,75.3193160505807,1,1,1,1,1,0,211.569034845406
0.074,84.7886889275239,76.9860209218219,131.301974261226,75.3193160505807,1,1,1,1,1,0,211.569034845406
0.075,84.7886889275239,76.9860209218219,131.301974261226,75.3193160505807,1,1,1,1,1,0,211.569034845406
0.076,84.7886889275239,76.9860209218219,131.301974261226,75.3193160505807,1,1,1,1,1,0,211.569034845406
0.077,84.7886889275239,76.9860209218219,131.301974261226,75.3193160505807,1,1,1,1,1,0,211.569034845406
0.078,84.7886889275239,76.9860209218219,131.301974261226,75.3193160505807,1,1,1,1,1,0,211.569034845406
0.079,84.7886889275239,76.9860209218219,131.301974261226,75.3193160505807,1,1,1,1,1,0,211.569034845406
0.08,84.7886889275239,76.9860209218219,131.301974261226,75.3193160505807,1,1,1,1,1,0,211.569034845406
0.081,84.7886889275239,76.9860209218219,131.301974261226,75.3193160505807,1,1,1,1,1,0,211.569034845406
0.082,84.7886889275239,76.9860209218219,131.301974261226,75.3193160505807,1,1,1,1,1,0,211.569034845406
0.083,84.7886889275239,76.9860209218219,131.301974261226,75.3193160505807,1,1,1,1,1,0,211.569034845406
0.084,84.7886889275239,76.9860209218219,131.301974261226,75.3193160505807,1,1,1,1,1,0,211.569034845406
0.085,84.7886889275239,76.9860209218219,131.301974261226,75.3193160505807,1,1,1,1,1,0,211.569034845406
0.086,84.7886889275239,76.9860209218219,131.301974261226,75.3193160505807,1,1,1,1,1,0,211.569034845406
0.087,84.7886889275239,76.9860209218219,131.301974261226,75.3193160505807,1,1,1,1,1,0,211.569034845406
0.088,84.7886889275239,76.9860209218219,131.301974261226,75.3193160505807,1,1,1,1,1,0,211.569034845406
0.089,84.7886889275239,76.9860209218219,131.301974261226,75.3193160505807,1,1,1,1,1,0,211.569034845406
0.09,84.7886889275239,76.9860209218219,131.301974261226,75.3193160505807,1,1,1,1,1,0,211.569034845406
0.091,84.7886889275239,76.9860209218219,131.301974261226,75.3193160505807,1,1,1,1,1,0,211.569034845406
0.092,84.7886889275239,76.9860209218219,131.301974261226,75.3193160505807,1,1,1,1,1,0,211.569034845406
0.093,84.7886889275239,76.9860209218219,131.301974261226,75.3193160505807,1,1,1,1,1,0,211.569034845406
0.094,84.7886889275239,76.9860209218219,131.301974261226,75.3193160505807,1,1,1,1,1,0,211.569034845406
0.095,84.7886889275239,76.9860209218219,131.301974261226,75.3193160505807,1,1,1,1,1,0,211.569034845406
0.096,84.7886889275239,76.9860209218219,131.301974261226,75.3193160505807,1,1,1,1,1,0,211.569034845406
0.097,84.7886889275239,76.9860209218219,131.301974261226,75.3193160505807,1,1,1,1,1,0,211.569034845406
0.098,84.7886889275239,76.9860209218219,131.301974261226,75.3193160505807,1,1,1,1,1,0,211.569034845406
0.099,84.7886889275239,76.9860209218219,131.301974261226,75.3193160505807,1,1,1,1,1,0,211.569034845406
0.1,84.7886889275239,76.9860209218219,131.301974261226,75.3193160505807,1,1,1,1,1,0,211.569034845406
0.101,84.7886889275239,76.9860209218219,131.301974261226,75.3193160505807,1,1,1,1,1,0,211.569034845406
0.102,84.7886889275239,76.9860209218219,131.301974261226,75.3193160505807,1,1,1,1,1,0,211.569034845406
0.103,84.7886889275239,76.9860209218219,131.301974261226,75.3193160505807,1,1,1,1,1,0,211.569034845406
0.104,84.7886889275239,76.9860209218219,131.301974261226,75.3193160505807,1,1,1,1,1,0,211.569034845406
0.105,84.7886889275239,76.9860209218219,131.301974261226,75.3193160505807,1,1,1,1,1,0,211.569034845406
0.106,84.7886889275239,76.9860209218219,131.301974261226,75.3193160505807,1,1,1,1,1,0,211.569034845406
0.107,84.7886889275239,76.9860209218219,131.301974261226,75.3193160505807,1,1,1,1,1,0,211.569034845406
0.108,84.7886889275239,76.9860209218219,131.301974261226,75.3193160505807,1,1,1,1,1,0,211.569034845406
0.109,84.7886889275239,76.9860209218219,131.301974261226,75.3193160505807,1,1,1,1,1,0,211.569034845406
0.11,84.7886889275239,76.9860209218219,131.301974261226,75.3193160505807,1,1,1,1,1,0,211.569034845406
0.111,84.7886889275239,76.9860209218219,131.301974261226,75.3193160505807,1,1,1,1,1,0,211.569034845406
0.112,84.7886889275239,76.9860209218219,131.301974261226,75.3193160505807,1,1,1,1,1,0,211.569034845406
0.113,84.7886889275239,76.9860209218219,131.301974261226,75.3193160505807,1,1,1,1,1,0,211.569034845406
0.114,84.7886889275239,76.9860209218219,131.301974261226,75.3193160505807,1,1,1,1,1,0,211.569034845406
0.115,84.7886889275239,76.9860209218219,131.301974261226,75.3193160505807,1,1,1,1,1,0,211.569034845406
0.116,84.7886889275239,76.9860209218219,131.301974261226,75.3193160505807,1,1,1,1,1,0,211.569034845406
0.117,84.7886889275239,76.9860209218219,131.301974261226,75.3193160505807,1,1,1,1,1,0,211.569034845406
0.118,84.7886889275239,76.9860209218219,131.301974261226,75.3193160505807,1,1,1,1,1,0,211.569034845406
0.119,84.7886889275239,76.9860209218219,131.301974261226,75.3193160505807,1,1,1,1,1,0,211.569034845406
0.12,84.7886889275239,76.9860209218219,131.301974261226,75.3193160505807,1,1,1,1,1,0,211.569034845406
0.121,84.7886889275239,76.9860209218219,131.301974261226,75.3193160505807,1,1,1,1,1,0,211.569034845406
0.122,84.7886889275239,76.9860209218219,131.301974261226,75.3193160505807,1,1,1,1,1,0,211.569034845406
0.123,84.7886889275239,76.9860209218219,131.301974261226,75.3193160505807,1,1,1,1,1,0,211.569034845406
0.124,84.7886889275239,76.9860209218219,131.301974261226,75.3193160505807,1,1,1,1,1,0,211.569034845406
0.125,84.7886889275239,76.9860209218219,131.301974261226,75.3193160505807,1,1,1,1,1,0,211.569034845406
0.126,84.7886889275239,76.9860209218219,131.301974261226,75.3193160505807,1,1,1,1,1,0,211.569034845406
0.127,84.7886889275239,76.9860209218219,131.301974261226,75.3193160505807,1,1,1,1,1,0,211.569034845406
0.128,84.7886889275239,76.9860209218219,131.301974261226,75.3193160505807,1,1,1,1,1,0,211.569034845406
0.129,84.7886889275239,76.9860209218219,131.301974261226,75.3193160505807,1,1,1,1,1,0,211.569034845406
0.13,84.7886889275239,76.9860209218219,131.301974261226,75.3193160505807,1,1,1,1,1,0,211.569034845406
0.131,84.7886889275239,76.9860209218219,131.301974261226,75.3193160505807,1,1,1,1,1,0,211.569034845406
0.132,84.7886889275239,76.9860209218219,131.301974261226,75.3193160505807,1,1,1,1,1,0,211.569034845406
0.133,84.7886889275239,76.9860209218219,131.301974261226,75.3193160505807,1,1,1,1,1,0,211.569034845406
0.134,84.7886889275239,76.9860209218219,131.301974261226,75.3193160505807,1,1,1,1,1,0,211.569034845406
0.135,84.7886889275239,76.9860209218219,131.301974261226,75.3193160505807,1,1,1,1,1,0,211.569034845406
0.136,84.7886889275239,76.9860209218219,131.301974261226,75.3193160505807,1,1,1,1,1,0,211.569034845406
0.137,84.7886889275239,76.9860209218219,131.301974261226,75.3193160505807,1,1,1,1,1,0,211.569034845406
0.138,84.7886889275239,76.9860209218219,131.301974261226,75.3193160505807,1,1,1,1,1,0,211.569034845406
0.139,84.7886889275239,76.9860209218219,131.301974261226,75.3193160505807,1,1,1,1,1,0,211.569034845406
0.14,84.7886889275239,76.9860209218219,131.301974261226,75.3193160505807,1,1,1,1,1,0,211.569034845406
0.141,84.7886889275239,76.9860209218219,131.301974261226,75.3193160505807,1,1,1,1,1,0,211.569034845406
0.142,84.7886889275239,76.9860209218219,131.301974261226,75.3193160505807,1,1,1,1,1,0,211.569034845406
0.143,84.7886889275239,76.9860209218219,131.301974261226,75.3193160505807,1,1,1,1,1,0,211.569034845406
0.144,84.7886889275239,76.9860209218219,131.301974261226,75.3193160505807,1,1,1,1,1,0,211.569034845406
0.145,84.7886889275239,76.9860209218219,131.301974261226,75.3193160505807,1,1,1,1,1,0,211.569034845406
0.146,84.7886889275239,76.9860209218219,131.301974261226,75.3193160505807,1,1,1,1,1,0,211.569034845406
0.147,84.7886889275239,76.9860209218219,131.301974261226,75.3193160505807,1,1,1,1,1,0,211.569034845406
0.148,84.7886889275239,76.9860209218219,131.301974261226,75.3193160505807,1,1,1,1,1,0,211.569034845406
0.149,84.7886889275239,76.9860209218219,131.301974261226,75.3193160505807,1,1,1,1,1,0,211.569034845406
0.15,84.7886889275239,76.9860209218219,131.301974261226,75.3193160505807,1,1,1,1,1,0,211.569034845406
0.151,84.7886889275239,76.9860209218219,131.301974261226,75.3193160505807,1,1,1,1,1,0,211.569034845406
0.152,84.7886889275239,76.9860209218219,131.301974261226,75.3193160505807,1,1,1,1,1,0,211.569034845406
0.153,84.7886889275239,76.9860209218219,131.301974261226,75.3193160505807,1,1,1,1,1,0,211.569034845406
0.154,84.7886889275239,76.9860209218219,131.301974261226,75.3193160505807,1,1,1,1,1,0,211.569034845406
0.155,84.7886889275239,76.9860209218219,131.301974261226,75.3193160505807,1,1,1,1,1,0,211.569034845406
0.156,84.7886889275239,76.9860209218219,131.301974261226,75.3193160505807,1,1,1,1,1,0,211.569034845406
0.157,84.7886889275239,76.9860209218219,131.301974261226,75.3193160505807,1,1,1,1,1,0,211.569034845406
0.158,84.7886889275239,76.9860209218219,131.301974261226,75.3193160505807,1,1,1,1,1,0,211.569034845406
0.159,84.7886889275239,76.9860209218219,131.301974261226,75.3193160505807,1,1,1,1,1,0,211.569034845406
0.16,84.7886889275239,76.9860209218219,131.301974261226,75.3193160505807,1,1,1,1,1,0,211.569034845406
0.161,84.7886889275239,76.9860209218219,131.301974261226,75.3193160505807,1,1,1,1,1,0,211.569034845406
0.162,84.7886889275239,76.9860209218219,131.301974261226,75.3193160505807,1,1,1,1,1,0,211.569034845406
0.163,84.7886889275239,76.9860209218219,131.301974261226,75.3193160505807,1,1,1,1,1,0,211.569034845406
0.164,84.7886889275239,76.9860209218219,131.301974261226,75.3193160505807,1,1,1,1,1,0,211.569034845406
0.165,84.7886889275239,76.9860209218219,131.301974261226,75.3193160505807,1,1,1,1,1,0,211.569034845406
0.166,84.7886889275239,76.9860209218219,131.301974261226,75.3193160505807,1,1,1,1,1,0,211.569034845406
0.167,84.7886889275239,76.9860209218219,131.301974261226,75.3193160505807,1,1,1,1,1,0,211.569034845406
0.168,84.7886889275239,76.9860209218219,131.301974261226,75.3193160505807,1,1,1,1,1,0,211.569034845406
0.169,84.7886889275239,76.9860209218219,131.301974261226,75.3193160505807,1,1,1,1,1,0,211.569034845406
0.17,84.7886889275239,76.9860209218219,131.301974261226,75.3193160505807,1,1,1,1,1,0,211.569034845406
0.171,84.7886889275239,76.9860209218219,131.301974261226,75.3193160505807,1,1,1,1,1,0,211.569034845406
0.172,84.7886889275239,76.9860209218219,131.301974261226,75.3193160505807,1,1,1,1,1,0,211.569034845406
0.173,84.7886889275239,76.9860209218219,131.301974261226,75.3193160505807,1,1,1,1,1,0,211.569034845406
0.174,84.7886889275239,76.9860209218219,131.301974261226,75.3193160505807,1,1,1,1,1,0,211.569034845406
0.175,84.7886889275239,76.9860209218219,131.301974261226,75.3193160505807,1,1,1,1,1,0,211.569034845406
0.176,84.7886889275239,76.9860209218219,131.301974261226,75.3193160505807,1,1,1,1,1,0,211.569034845406
0.177,84.7886889275239,76.9860209218219,131.301974261226,75.3193160505807,1,1,1,1,1,0,211.569034845406
0.178,84.7886889275239,76.9860209218219,131.301974261226,75.3193160505807,1,1,1,1,1,0,211.569034845406
0.179,84.7886889275239,76.9860209218219,131.301974261226,75.3193160505807,1,1,1,1,1,0,211.569034845406
0.18,84.7886889275239,76.9860209218219,131.301974261226,75.3193160505807,1,1,1,1,1,0,211.569034845406
0.181,84.7886889275239,76.9860209218219,131.301974261226,75.3193160505807,1,1,1,1,1,0,211.569034845406
0.182,84.7886889275239,76.9860209218219,131.301974261226,75.3193160505807,1,1,1,1,1,0,211.569034845406
0.183,84.7886889275239,76.9860209218219,131.301974261226,75.3193160505807,1,1,1,1,1,0,211.569034845406
0.184,84.7886889275239,76.9860209218219,131.301974261226,75.3193160505807,1,1,1,1,1,0,211.569034845406
0.185,84.7886889275239,76.9860209218219,131.301974261226,75.3193160505807,1,1,1,1,1,0,211.569034845406
0.186,84.7886889275239,76.9860209218219,131.301974261226,75.3193160505807,1,1,1,1,1,0,211.569034845406
0.187,84.7886889275239,76.9860209218219,131.301974261226,75.3193160505807,1,1,1,1,1,0,211.569034845406
0.188,84.7886889275239,76.9860209218219,131.301974261226,75.3193160505807,1,1,1,1,1,0,211.569034845406
0.189,84.7886889275239,76.9860209218219,131.301974261226,75.3193160505807,1,1,1,1,1,0,211.569034845406
0.19,84.7886889275239,76.9860209218219,131.301974261226,75.3193160505807,1,1,1,1,1,0,211.569034845406
0.191,84.7886889275239,76.9860209218219,131.301974261226,75.3193160505807,1,1,1,1,1,0,211.569034845406
0.192,84.7886889275239,76.9860209218219,131.301974261226,75.3193160505807,1,1,1,1,1,0,211.569034845406
0.193,84.7886889275239,76.9860209218219,131.301974261226,75.3193160505807,1,1,1,1,1,0,211.569034845406
0.194,84.7886889275239,76.9860209218219,131.301974261226,75.3193160505807,1,1,1,1,1,0,211.569034845406
0.195,84.7886889275239,76.9860209218219,131.301974261226,75.3193160505807,1,1,1,1,1,0,211.569034845406
0.196,84.7886889275239,76.9860209218219,131.301974261226,75.3193160505807,1,1,1,1,1,0,211.569034845406
0.197,84.7886889275239,76.9860209218219,131.301974261226,75.3193160505807,1,1,1,1,1,0,211.569034845406
0.198,84.7886889275239,76.9860209218219,131.301974261226,75.3193160505807,1,1,1,1,1,0,211.569034845406
0.199,84.7886889275239,76.9860209218219,131.301974261226,75.3193160505807,1,1,1,1,1,0,211.569034845406
0.2,84.7886889275239,76.9860209218219,131.301974261226,75.3193160505807,1,1,1,1,1,0,211.569034845406
0.201,84.7886889275239,76.9860209218219,131.301974261226,75.3193160505807,1,1,1,1,1,0,211.569034845406
0.202,84.7886889275239,76.9860209218219,131.301974261226,75.3193160505807,1,1,1,1,1,0,211.569034845406
0.203,84.7886889275239,76.9860209218219,131.301974261226,75.3193160505807,1,1,1,1,1,0,211.569034845406
0.204,84.7886889275239,76.9860209218219,131.301974261226,75.3193160505807,1,1,1,1,1,0,211.569034845406
0.205,84.7886889275239,76.9860209218219,131.301974261226,75.3193160505807,1,1,1,1,1,0,211.569034845406
0.206,84.7886889275239,76.9860209218219,131.301974261226,75.3193160505807,1,1,1,1,1,0,211.569034845406
0.207,84.7886889275239,76.9860209218219,131.301974261226,75.3193160505807,1,1,1,1,1,0,211.569034845406
0.208,84.7886889275239,76.9860209218219,131.301974261226,75.3193160505807,1,1,1,1,1,0,211.569034845406
0.209,84.7886889275239,76.9860209218219,131.301974261226,75.3193160505807,1,1,1,1,1,0,211.569034845406
0.21,84.7886889275239,76.9860209218219,131.301974261226,75.3193160505807,1,1,1,1,1,0,211.569034845406
0.211,84.7886889275239,76.9860209218219,131.301974261226,75.3193160505807,1,1,1,1,1,0,211.569034845406
0.212,84.7886889275239,76.9860209218219,131.301974261226,75.3193160505807,1,1,1,1,1,0,211.569034845406
0.213,84.7886889275239,76.9860209218219,131.301974261226,75.3193160505807,1,1,1,1,1,0,211.569034845406
0.214,84.7886889275239,76.9860209218219,131.301974261226,75.3193160505807,1,1,1,1,1,0,211.569034845406
0.215,84.7886889275239,76.9860209218219,131.301974261226,75.3193160505807,1,1,1,1,1,0,211.569034845406
0.216,84.7886889275239,76.9860209218219,131.301974261226,75.3193160505807,1,1,1,1,1,0,211.569034845406
0.217,84.7886889275239,76.9860209218219,131.301974261226,75.3193160505807,1,1,1,1,1,0,211.569034845406
0.218,84.7886889275239,76.9860209218219,131.301974261226,75.3193160505807,1,1,1,1,1,0,211.569034845406
0.219,84.7886889275239,76.9860209218219,131.301974261226,75.3193160505807,1,1,1,1,1,0,211.569034845406
0.22,84.7886889275239,76.9860209218219,131.301974261226,75.3193160505807,1,1,1,1,1,0,211.569034845406
0.221,84.7886889275239,76.9860209218219,131.301974261226,75.3193160505807,1,1,1,1,1,0,211.569034845406
0.222,84.7886889275239,76.9860209218219,131.301974261226,75.3193160505807,1,1,1,1,1,0,211.569034845406
0.223,84.7886889275239,76.9860209218219,131.301974261226,75.3193160505807,1,1,1,1,1,0,211.569034845406
0.224,84.7886889275239,76.9860209218219,131.301974261226,75.3193160505807,1,1,1,1,1,0,211.569034845406
0.225,84.7886889275239,76.9860209218219,131.301974261226,75.3193160505807,1,1,1,1,1,0,211.569034845406
0.226,84.7886889275239,76.9860209218219,131.301974261226,75.3193160505807,1,1,1,1,1,0,211.569034845406
0.227,84.7886889275239,76.9860209218219,131.301974261226,75.3193160505807,1,1,1,1,1,0,211.569034845406
0.228,84.7886889275239,76.9860209218219,131.301974261226,75.3193160505807,1,1,1,1,1,0,211.569034845406
0.229,84.7886889275239,76.9860209218219,131.301974261226,75.3193160505807,1,1,1,1,1,0,211.569034845406
0.23,84.7886889275239,76.9860209218219,131.301974261226,75.3193160505807,1,1,1,1,1,0,211.569034845406
0.231,84.7886889275239,76.9860209218219,131.301974261226,75.3193160505807,1,1,1,1,1,0,211.569034845406
0.232,84.7886889275239,76.9860209218219,131.301974261226,75.3193160505807,1,1,1,1,1,0,211.569034845406
0.233,84.7886889275239,76.9860209218219,131.301974261226,75.3193160505807,1,1,1,1,1,0,211.569034845406
0.234,84.7886889275239,76.9860209218219,131.301974261226,75.3193160505807,1,1,1,1,1,0,211.569034845406
0.235,84.7886889275239,76.9860209218219,131.301974261226,75.3193160505807,1,1,1,1,1,0,211.569034845406
0.236,84.7886889275239,76.9860209218219,131.301974261226,75.3193160505807,1,1,1,1,1,0,211.569034845406
0.237,84.7886889275239,76.9860209218219,131.301974261226,75.3193160505807,1,1,1,1,1,0,211.569034845406
0.238,84.7886889275239,76.9860209218219,131.301974261226,75.3193160505807,1,1,1,1,1,0,211.569034845406
0.239,84.7886889275239,76.9860209218219,131.301974261226,75.3193160505807,1,1,1,1,1,0,211.569034845406
0.24,84.7886889275239,76.9860209218219,131.301974261226,75.3193160505807,1,1,1,1,1,0,211.569034845406
0.241,84.7886889275239,76.9860209218219,131.301974261226,75.3193160505807,1,1,1,1,1,0,211.569034845406
0.242,84.7886889275239,76.9860209218219,131.301974261226,75.3193160505807,1,1,1,1,1,0,211.569034845406
0.243,84.7886889275239,76.9860209218219,131.301974261226,75.3193160505807,1,1,1,1,1,0,211.569034845406
0.244,84.7886889275239,76.9860209218219,131.301974261226,75.3193160505807,1,1,1,1,1,0,211.569034845406
0.245,84.7886889275239,76.9860209218219,131.301974261226,75.3193160505807,1,1,1,1,1,0,211.569034845406
0.246,84.7886889275239,76.9860209218219,131.301974261226,75.3193160505807,1,1,1,1,1,0,211.569034845406
0.247,84.7886889275239,76.9860209218219,131.301974261226,75.3193160505807,1,1,1,1,1,0,211.569034845406
0.248,84.7886889275239,76.9860209218219,131.301974261226,75.3193160505807,1,1,1,1,1,0,211.569034845406
0.249,84.7886889275239,76.9860209218219,131.301974261226,75.3193160505807,1,1,1,1,1,0,211.569034845406
0.25,1119.70042575993,1035.39634918389,1006.01922289089,81.3857288136983,1,1,1,1,1,1197.95620954185,251.934662919109
0.251,1119.70042575993,1035.39634918389,1006.01922289089,81.3857288136983,1,1,1,1,1,1197.95620954185,251.934662919109
0.252,1119.70042575993,1035.39634918389,1006.01922289089,81.3857288136983,1,1,1,1,1,1197.95620954185,251.934662919109
0.253,1119.70042575993,1035.39634918389,1006.01922289089,81.3857288136983,1,1,1,1,1,1197.95620954185,251.934662919109
0.254,1119.70042575993,1035.39634918389,1006.01922289089,81.3857288136983,1,1,1,1,1,1197.95620954185,251.934662919109
0.255,1119.70042575993,1035.39634918389,1006.01922289089,81.3857288136983,1,1,1,1,1,1197.95620954185,251.934662919109
0.256,1119.70042575993,1035.39634918389,1006.01922289089,81.3857288136983,1,1,1,1,1,1197.95620954185,251.934662919109
0.257,1119.70042575993,1035.39634918389,1006.01922289089,81.3857288136983,1,1,1,1,1,1197.95620954185,251.934662919109
0.258,1119.70042575993,1035.39634918389,1006.01922289089,81.3857288136983,1,1,1,1,1,1197.95620954185,251.934662919109
0.259,1119.70042575993,1035.39634918389,1006.01922289089,81.3857288136983,1,1,1,1,1,1197.95620954185,251.934662919109
0.26,1119.70042575993,1035.39634918389,1006.01922289089,81.3857288136983,1,1,1,1,1,1197.95620954185,251.934662919109
0.261,1119.70042575993,1035.39634918389,1006.01922289089,81.3857288136983,1,1,1,1,1,1197.95620954185,251.934662919109
0.262,1119.70042575993,1035.39634918389,1006.01922289089,81.3857288136983,1,1,1,1,1,1197.95620954185,251.934662919109
0.263,1119.70042575993,1035.39634918389,1006.01922289089,81.3857288136983,1,1,1,1,1,1197.95620954185,251.934662919109
0.264,1119.70042575993,1035.39634918389,1006.01922289089,81.3857288136983,1,1,1,1,1,1197.95620954185,251.934662919109
0.265,1119.70042575993,1035.39634918389,1006.01922289089,81.3857288136983,1,1,1,1,1,1197.95620954185,251.934662919109
0.266,1119.70042575993,1035.39634918389,1006.01922289089,81.3857288136983,1,1,1,1,1,1197.95620954185,251.934662919109
0.267,1119.70042575993,1035.39634918389,1006.01922289089,81.3857288136983,1,1,1,1,1,1197.95620954185,251.934662919109
0.268,1119.70042575993,1035.39634918389,1006.01922289089,81.3857288136983,1,1,1,1,1,1197.95620954185,251.934662919109
0.269,1119.70042575993,1035.39634918389,1006.01922289089,81.3857288136983,1,1,1,1,1,1197.95620954185,251.934662919109
0.27,1119.70042575993,1035.39634918389,1006.01922289089,81.3857288136983,1,1,1,1,1,1197.95620954185,251.934662919109
0.271,1119.70042575993,1035.39634918389,1006.01922289089,81.3857288136983,1,1,1,1,1,1197.95620954185,251.934662919109
0.272,1119.70042575993,1035.39634918389,1006.01922289089,81.3857288136983,1,1,1,1,1,1197.95620954185,251.934662919109
0.273,1119.70042575993,1035.39634918389,1006.01922289089,81.3857288136983,1,1,1,1,1,1197.95620954185,251.934662919109
0.274,1119.70042575993,1035.39634918389,1006.01922289089,81.3857288136983,1,1,1,1,1,1197.95620954185,251.934662919109
0.275,1119.70042575993,1035.39634918389,1006.01922289089,81.3857288136983,1,1,1,1,1,1197.95620954185,251.934662919109
0.276,1119.70042575993,1035.39634918389,1006.01922289089,81.3857288136983,1,1,1,1,1,1197.95620954185,251.934662919109
0.277,1119.70042575993,1035.39634918389,1006.01922289089,81.3857288136983,1,1,1,1,1,1197.95620954185,251.934662919109
0.278,1119.70042575993,1035.39634918389,1006.01922289089,81.3857288136983,1,1,1,1,1,1197.95620954185,251.934662919109
0.279,1119.70042575993,1035.39634918389,1006.01922289089,81.3857288136983,1,1,1,1,1,1197.95620954185,251.934662919109
0.28,1119.70042575993,1035.39634918389,1006.01922289089,81.3857288136983,1,1,1,1,1,1197.95620954185,251.934662919109
0.281,1119.70042575993,1035.39634918389,1006.01922289089,81.3857288136983,1,1,1,1,1,1197.95620954185,251.934662919109
0.282,1119.70042575993,1035.39634918389,1006.01922289089,81.3857288136983,1,1,1,1,1,1197.95620954185,251.934662919109
0.283,1119.70042575993,1035.39634918389,1006.01922289089,81.3857288136983,1,1,1,1,1,1197.95620954185,251.934662919109
0.284,1119.70042575993,1035.39634918389,1006.01922289089,81.3857288136983,1,1,1,1,1,1197.95620954185,251.934662919109
0.285,1119.70042575993,1035.39634918389,1006.01922289089,81.3857288136983,1,1,1,1,1,1197.95620954185,251.934662919109
0.286,1119.70042575993,1035.39634918389,1006.01922289089,81.3857288136983,1,1,1,1,1,1197.95620954185,251.934662919109
0.287,1119.70042575993,1035.39634918389,1006.01922289089,81.3857288136983,1,1,1,1,1,1197.95620954185,251.934662919109
0.288,1119.70042575993,1035.39634918389,1006.01922289089,81.3857288136983,1,1,1,1,1,1197.95620954185,251.934662919109
0.289,1119.70042575993,1035.39634918389,1006.01922289089,81.3857288136983,1,1,1,1,1,1197.95620954185,251.934662919109
0.29,1119.70042575993,1035.39634918389,1006.01922289089,81.3857288136983,1,1,1,1,1,1197.95620954185,251.934662919109
0.291,1119.70042575993,1035.39634918389,1006.01922289089,81.3857288136983,1,1,1,1,1,1197.95620954185,251.934662919109
0.292,1119.70042575993,1035.39634918389,1006.01922289089,81.3857288136983,1,1,1,1,1,1197.95620954185,251.934662919109
0.293,1119.70042575993,1035.39634918389,1006.01922289089,81.3857288136983,1,1,1,1,1,1197.95620954185,251.934662919109
0.294,1119.70042575993,1035.39634918389,1006.01922289089,81.3857288136983,1,1,1,1,1,1197.95620954185,251.934662919109
0.295,1119.70042575993,1035.39634918389,1006.01922289089,81.3857288136983,1,1,1,1,1,1197.95620954185,251.934662919109
0.296,1119.70042575993,1035.39634918389,1006.01922289089,81.3857288136983,1,1,1,1,1,1197.95620954185,251.934662919109
0.297,1119.70042575993,1035.39634918389,1006.01922289089,81.3857288136983,1,1,1,1,1,1197.95620954185,251.934662919109
0.298,1119.70042575993,1035.39634918389,1006.01922289089,81.3857288136983,1,1,1,1,1,1197.95620954185,251.934662919109
0.299,1119.70042575993,1035.39634918389,1006.01922289089,81.3857288136983,1,1,1,1,1,1197.95620954185,251.934662919109
0.3,1119.70042575993,1035.39634918389,1006.01922289089,81.3857288136983,1,1,1,1,1,1197.95620954185,251.934662919109
0.301,1119.70042575993,1035.39634918389,1006.01922289089,81.3857288136983,1,1,1,1,1,1197.95620954185,251.934662919109
0.302,1119.70042575993,1035.39634918389,1006.01922289089,81.3857288136983,1,1,1,1,1,1197.95620954185,251.934662919109
0.303,1119.70042575993,1035.39634918389,1006.01922289089,81.3857288136983,1,1,1,1,1,1197.95620954185,251.934662919109
0.304,1119.70042575993,1035.39634918389,1006.01922289089,81.3857288136983,1,1,1,1,1,1197.95620954185,251.934662919109
0.305,1119.70042575993,1035.39634918389,1006.01922289089,81.3857288136983,1,1,1,1,1,1197.95620954185,251.934662919109
0.306,1119.70042575993,1035.39634918389,1006.01922289089,81.3857288136983,1,1,1,1,1,1197.95620954185,251.934662919109
0.307,1119.70042575993,1035.39634918389,1006.01922289089,81.3857288136983,1,1,1,1,1,1197.95620954185,251.934662919109
0.308,1119.70042575993,1035.39634918389,1006.01922289089,81.3857288136983,1,1,1,1,1,1197.95620954185,251.934662919109
0.309,1119.70042575993,1035.39634918389,1006.01922289089,81.3857288136983,1,1,1,1,1,1197.95620954185,251.934662919109
0.31,1119.70042575993,1035.39634918389,1006.01922289089,81.3857288136983,1,1,1,1,1,1197.95620954185,251.934662919109
0.311,1119.70042575993,1035.39634918389,1006.01922289089,81.3857288136983,1,1,1,1,1,1197.95620954185,251.934662919109
0.312,1119.70042575993,1035.39634918389,1006.01922289089,81.3857288136983,1,1,1,1,1,1197.95620954185,251.934662919109
0.313,1119.70042575993,1035.39634918389,1006.01922289089,81.3857288136983,1,1,1,1,1,1197.95620954185,251.934662919109
0.314,1119.70042575993,1035.39634918389,1006.01922289089,81.3857288136983,1,1,1,1,1,1197.95620954185,251.934662919109
0.315,1119.70042575993,1035.39634918389,1006.01922289089,81.3857288136983,1,1,1,1,1,1197.95620954185,251.934662919109
0.316,1119.70042575993,1035.39634918389,1006.01922289089,81.3857288136983,1,1,1,1,1,1197.95620954185,251.934662919109
0.317,1119.70042575993,1035.39634918389,1006.01922289089,81.3857288136983,1,1,1,1,1,1197.95620954185,251.934662919109
0.318,1119.70042575993,1035.39634918389,1006.01922289089,81.3857288136983,1,1,1,1,1,1197.95620954185,251.934662919109
0.319,1119.70042575993,1035.39634918389,1006.01922289089,81.3857288136983,1,1,1,1,1,1197.95620954185,251.934662919109
0.32,1119.70042575993,1035.39634918389,1006.01922289089,81.3857288136983,1,1,1,1,1,1197.95620954185,251.934662919109
0.321,1119.70042575993,1035.39634918389,1006.01922289089,81.3857288136983,1,1,1,1,1,1197.95620954185,251.934662919109
0.322,1119.70042575993,1035.39634918389,1006.01922289089,81.3857288136983,1,1,1,1,1,1197.95620954185,251.934662919109
0.323,1119.70042575993,1035.39634918389,1006.01922289089,81.3857288136983,1,1,1,1,1,1197.95620954185,251.934662919109
0.324,1119.70042575993,1035.39634918389,1006.01922289089,81.3857288136983,1,1,1,1,1,1197.95620954185,251.934662919109
0.325,1119.70042575993,1035.39634918389,1006.01922289089,81.3857288136983,1,1,1,1,1,1197.95620954185,251.934662919109
0.326,1119.70042575993,1035.39634918389,1006.01922289089,81.3857288136983,1,1,1,1,1,1197.95620954185,251.934662919109
0.327,1119.70042575993,1035.39634918389,1006.01922289089,81.3857288136983,1,1,1,1,1,1197.95620954185,251.934662919109
0.328,1119.70042575993,1035.39634918389,1006.01922289089,81.3857288136983,1,1,1,1,1,1197.95620954185,251.934662919109
0.329,1119.70042575993,1035.39634918389,1006.01922289089,81.3857288136983,1,1,1,1,1,1197.95620954185,251.934662919109
0.33,1119.70042575993,1035.39634918389,1006.01922289089,81.3857288136983,1,1,1,1,1,1197.95620954185,251.934662919109
0.331,1119.70042575993,1035.39634918389,1006.01922289089,81.3857288136983,1,1,1,1,1,1197.95620954185,251.934662919109
0.332,1119.70042575993,1035.39634918389,1006.01922289089,81.3857288136983,1,1,1,1,1,1197.95620954185,251.934662919109
0.333,1119.70042575993,1035.39634918389,1006.01922289089,81.3857288136983,1,1,1,1,1,1197.95620954185,251.934662919109
0.334,1119.70042575993,1035.39634918389,1006.01922289089,81.3857288136983,1,1,1,1,1,1197.95620954185,251.934662919109
0.335,1119.70042575993,1035.39634918389,1006.01922289089,81.3857288136983,1,1,1,1,1,1197.95620954185,251.934662919109
0.336,1119.70042575993,1035.39634918389,1006.01922289089,81.3857288136983,1,1,1,1,1,1197.95620954185,251.934662919109
0.337,1119.70042575993,1035.39634918389,1006.01922289089,81.3857288136983,1,1,1,1,1,1197.95620954185,251.934662919109
0.338,1119.70042575993,1035.39634918389,1006.01922289089,81.3857288136983,1,1,1,1,1,1197.95620954185,251.934662919109
0.339,1119.70042575993,1035.39634918389,1006.01922289089,81.3857288136983,1,1,1,1,1,1197.95620954185,251.934662919109
0.34,1119.70042575993,1035.39634918389,1006.01922289089,81.3857288136983,1,1,1,1,1,1197.95620954185,251.934662919109
0.341,1119.70042575993,1035.39634918389,1006.01922289089,81.3857288136983,1,1,1,1,1,1197.95620954185,251.934662919109
0.342,1119.70042575993,1035.39634918389,1006.01922289089,81.3857288136983,1,1,1,1,1,1197.95620954185,251.934662919109
0.343,1119.70042575993,1035.39634918389,1006.01922289089,81.3857288136983,1,1,1,1,1,1197.95620954185,251.934662919109
0.344,1119.70042575993,1035.39634918389,1006.01922289089,81.3857288136983,1,1,1,1,1,1197.95620954185,251.934662919109
0.345,1119.70042575993,1035.39634918389,1006.01922289089,81.3857288136983,1,1,1,1,1,1197.95620954185,251.934662919109
0.346,1119.70042575993,1035.39634918389,1006.01922289089,81.3857288136983,1,1,1,1,1,1197.95620954185,251.934662919109
0.347,1119.70042575993,1035.39634918389,1006.01922289089,81.3857288136983,1,1,1,1,1,1197.95620954185,251.934662919109
0.348,1119.70042575993,1035.39634918389,1006.01922289089,81.3857288136983,1,1,1,1,1,1197.95620954185,251.934662919109
0.349,1119.70042575993,1035.39634918389,1006.01922289089,81.3857288136983,1,1,1,1,1,1197.95620954185,251.934662919109
0.35,1119.70042575993,1035.39634918389,1006.01922289089,81.3857288136983,1,1,1,1,1,1197.95620954185,251.934662919109
0.351,1119.70042575993,1035.39634918389,1006.01922289089,81.3857288136983,1,1,1,1,1,1197.95620954185,251.934662919109
0.352,1119.70042575993,1035.39634918389,1006.01922289089,81.3857288136983,1,1,1,1,1,1197.95620954185,251.934662919109
0.353,1119.70042575993,1035.39634918389,1006.01922289089,81.3857288136983,1,1,1,1,1,1197.95620954185,251.934662919109
0.354,1119.70042575993,1035.39634918389,1006.01922289089,81.3857288136983,1,1,1,1,1,1197.95620954185,251.934662919109
0.355,1119.70042575993,1035.39634918389,1006.01922289089,81.3857288136983,1,1,1,1,1,1197.95620954185,251.934662919109
0.356,1119.70042575993,1035.39634918389,1006.01922289089,81.3857288136983,1,1,1,1,1,1197.95620954185,251.934662919109
0.357,1119.70042575993,1035.39634918389,1006.01922289089,81.3857288136983,1,1,1,1,1,1197.95620954185,251.934662919109
0.358,1119.70042575993,1035.39634918389,1006.01922289089,81.3857288136983,1,1,1,1,1,1197.95620954185,251.934662919109
0.359,1119.70042575993,1035.39634918389,1006.01922289089,81.3857288136983,1,1,1,1,1,1197.95620954185,251.934662919109
0.36,1119.70042575993,1035.39634918389,1006.01922289089,81.3857288136983,1,1,1,1,1,1197.95620954185,251.934662919109
0.361,1119.70042575993,1035.39634918389,1006.01922289089,81.3857288136983,1,1,1,1,1,1197.95620954185,251.934662919109
0.362,1119.70042575993,1035.39634918389,1006.01922289089,81.3857288136983,1,1,1,1,1,1197.95620954185,251.934662919109
0.363,1119.70042575993,1035.39634918389,1006.01922289089,81.3857288136983,1,1,1,1,1,1197.95620954185,251.934662919109
0.364,1119.70042575993,1035.39634918389,1006.01922289089,81.3857288136983,1,1,1,1,1,1197.95620954185,251.934662919109
0.365,1119.70042575993,1035.39634918389,1006.01922289089,81.3857288136983,1,1,1,1,1,1197.95620954185,251.934662919109
0.366,1119.70042575993,1035.39634918389,1006.01922289089,81.3857288136983,1,1,0,1,1,1197.95620954185,251.934662919109
0.367,183.310053285161,64.6671605058732,0,75.1083776504273,1,1,0,1,1,243.629080714545,251.934662919109
0.368,183.310053285161,64.6671605058732,0,75.1083776504273,1,1,0,1,1,243.629080714545,251.934662919109
0.369,183.310053285161,64.6671605058732,0,75.1083776504273,1,1,0,1,1,243.629080714545,251.934662919109
0.37,183.310053285161,64.6671605058732,0,75.1083776504273,1,1,0,1,1,243.629080714545,251.934662919109
0.371,183.310053285161,64.6671605058732,0,75.1083776504273,1,1,0,1,1,243.629080714545,251.934662919109
0.372,183.310053285161,64.6671605058732,0,75.1083776504273,1,1,0,1,1,243.629080714545,251.934662919109
0.373,183.310053285161,64.6671605058732,0,75.1083776504273,1,1,0,1,1,243.629080714545,251.934662919109
0.374,183.310053285161,64.6671605058732,0,75.1083776504273,1,1,0,1,1,243.629080714545,251.934662919109
0.375,183.310053285161,64.6671605058732,0,75.1083776504273,1,1,0,1,1,243.629080714545,251.934662919109
0.376,183.310053285161,64.6671605058732,0,75.1083776504273,1,1,0,1,1,243.629080714545,251.934662919109
0.377,183.310053285161,64.6671605058732,0,75.1083776504273,1,1,0,1,1,243.629080714545,251.934662919109
0.378,183.310053285161,64.6671605058732,0,75.1083776504273,1,1,0,1,1,243.629080714545,251.934662919109
0.379,183.310053285161,64.6671605058732,0,75.1083776504273,1,1,0,1,1,243.629080714545,251.934662919109
0.38,183.310053285161,64.6671605058732,0,75.1083776504273,1,1,0,1,1,243.629080714545,251.934662919109
0.381,183.310053285161,64.6671605058732,0,75.1083776504273,1,1,0,1,1,243.629080714545,251.934662919109
0.382,183.310053285161,64.6671605058732,0,75.1083776504273,1,1,0,1,1,243.629080714545,251.934662919109
0.383,183.310053285161,64.6671605058732,0,75.1083776504273,1,1,0,1,1,243.629080714545,251.934662919109
0.384,183.310053285161,64.6671605058732,0,75.1083776504273,1,1,0,1,1,243.629080714545,251.934662919109
0.385,183.310053285161,64.6671605058732,0,75.1083776504273,1,1,0,1,1,243.629080714545,251.934662919109
0.386,183.310053285161,64.6671605058732,0,75.1083776504273,1,1,0,1,1,243.629080714545,251.934662919109
0.387,183.310053285161,64.6671605058732,0,75.1083776504273,1,1,0,1,1,243.629080714545,251.934662919109
0.388,183.310053285161,64.6671605058732,0,75.1083776504273,1,1,0,1,1,243.629080714545,251.934662919109
0.389,183.310053285161,64.6671605058732,0,75.1083776504273,1,1,0,1,1,243.629080714545,251.934662919109
0.39,183.310053285161,64.6671605058732,0,75.1083776504273,1,1,0,1,1,243.629080714545,251.934662919109
0.391,183.310053285161,64.6671605058732,0,75.1083776504273,1,1,0,1,1,243.629080714545,251.934662919109
0.392,183.310053285161,64.6671605058732,0,75.1083776504273,1,1,0,1,1,243.629080714545,251.934662919109
0.393,183.310053285161,64.6671605058732,0,75.1083776504273,1,1,0,1,1,243.629080714545,251.934662919109
0.394,183.310053285161,64.6671605058732,0,75.1083776504273,1,1,0,1,1,243.629080714545,251.934662919109
0.395,183.310053285161,64.6671605058732,0,75.1083776504273,1,1,0,1,1,243.629080714545,251.934662919109
0.396,183.310053285161,64.6671605058732,0,75.1083776504273,1,1,0,1,1,243.629080714545,251.934662919109
0.397,183.310053285161,64.6671605058732,0,75.1083776504273,1,1,0,1,1,243.629080714545,251.934662919109
0.398,183.310053285161,64.6671605058732,0,75.1083776504273,1,1,0,1,1,243.629080714545,251.934662919109
0.399,183.310053285161,64.6671605058732,0,75.1083776504273,1,1,0,1,1,243.629080714545,251.934662919109
0.4,183.310053285161,64.6671605058732,0,75.1083776504273,1,1,0,1,1,243.629080714545,251.934662919109
0.401,183.310053285161,64.6671605058732,0,75.1083776504273,1,1,0,1,1,243.629080714545,251.934662919109
0.402,183.310053285161,64.6671605058732,0,75.1083776504273,1,1,0,1,1,243.629080714545,251.934662919109
0.403,183.310053285161,64.6671605058732,0,75.1083776504273,1,1,0,1,1,243.629080714545,251.934662919109
0.404,183.310053285161,64.6671605058732,0,75.1083776504273,1,1,0,1,1,243.629080714545,251.934662919109
0.405,183.310053285161,64.6671605058732,0,75.1083776504273,1,1,0,1,1,243.629080714545,251.934662919109
0.406,183.310053285161,64.6671605058732,0,75.1083776504273,1,1,0,1,1,243.629080714545,251.934662919109
0.407,183.310053285161,64.6671605058732,0,75.1083776504273,1,1,0,1,1,243.629080714545,251.934662919109
0.408,183.310053285161,64.6671605058732,0,75.1083776504273,1,1,0,1,1,243.629080714545,251.934662919109
0.409,183.310053285161,64.6671605058732,0,75.1083776504273,1,1,0,1,1,243.629080714545,251.934662919109
0.41,183.310053285161,64.6671605058732,0,75.1083776504273,1,1,0,1,1,243.629080714545,251.934662919109
0.411,183.310053285161,64.6671605058732,0,75.1083776504273,1,1,0,1,1,243.629080714545,251.934662919109
0.412,183.310053285161,64.6671605058732,0,75.1083776504273,1,1,0,1,1,243.629080714545,251.934662919109
0.413,183.310053285161,64.6671605058732,0,75.1083776504273,1,1,0,1,1,243.629080714545,251.934662919109
0.414,183.310053285161,64.6671605058732,0,75.1083776504273,1,1,0,1,1,243.629080714545,251.934662919109
0.415,183.310053285161,64.6671605058732,0,75.1083776504273,1,1,0,1,1,243.629080714545,251.934662919109
0.416,183.310053285161,64.6671605058732,0,75.1083776504273,1,1,0,1,1,243.629080714545,251.934662919109
0.417,183.310053285161,64.6671605058732,0,75.1083776504273,1,1,0,1,1,243.629080714545,251.934662919109
0.418,183.310053285161,64.6671605058732,0,75.1083776504273,1,1,0,1,1,243.629080714545,251.934662919109
0.419,183.310053285161,64.6671605058732,0,75.1083776504273,1,1,0,1,1,243.629080714545,251.934662919109
0.42,183.310053285161,64.6671605058732,0,75.1083776504273,1,1,0,1,1,243.629080714545,251.934662919109
0.421,183.310053285161,64.6671605058732,0,75.1083776504273,1,1,0,1,1,243.629080714545,251.934662919109
0.422,183.310053285161,64.6671605058732,0,75.1083776504273,1,1,0,1,1,243.629080714545,251.934662919109
0.423,183.310053285161,64.6671605058732,0,75.1083776504273,1,1,0,1,1,243.629080714545,251.934662919109
0.424,183.310053285161,64.6671605058732,0,75.1083776504273,1,1,0,1,1,243.629080714545,251.934662919109
0.425,183.310053285161,64.6671605058732,0,75.1083776504273,1,1,0,1,1,243.629080714545,251.934662919109
0.426,183.310053285161,64.6671605058732,0,75.1083776504273,1,1,0,1,0,243.629080714545,251.934662919109
0.427,183.310053285161,64.6671605058732,0,75.1083776504273,1,1,0,1,0,0,0
0.428,183.310053285161,64.6671605058732,0,75.1083776504273,1,1,0,1,0,0,0
0.429,183.310053285161,64.6671605058732,0,75.1083776504273,1,1,0,1,0,0,0
0.43,183.310053285161,64.6671605058732,0,75.1083776504273,1,1,0,1,0,0,0
0.431,183.310053285161,64.6671605058732,0,75.1083776504273,1,1,0,1,0,0,0
0.432,183.310053285161,64.6671605058732,0,75.1083776504273,1,1,0,1,0,0,0
0.433,183.310053285161,64.6671605058732,0,75.1083776504273,1,1,0,1,0,0,0
0.434,183.310053285161,64.6671605058732,0,75.1083776504273,1,1,0,1,0,0,0
0.435,183.310053285161,64.6671605058732,0,75.1083776504273,1,1,0,1,0,0,0
0.436,183.310053285161,64.6671605058732,0,75.1083776504273,1,1,0,1,0,0,0
0.437,183.310053285161,64.6671605058732,0,75.1083776504273,1,1,0,1,0,0,0
0.438,183.310053285161,64.6671605058732,0,75.1083776504273,1,1,0,1,0,0,0
0.439,183.310053285161,64.6671605058732,0,75.1083776504273,1,1,0,1,0,0,0
0.44,183.310053285161,64.6671605058732,0,75.1083776504273,1,1,0,1,0,0,0
0.441,183.310053285161,64.6671605058732,0,75.1083776504273,1,1,0,1,0,0,0
0.442,183.310053285161,64.6671605058732,0,75.1083776504273,1,1,0,1,0,0,0
0.443,183.310053285161,64.6671605058732,0,75.1083776504273,1,1,0,1,0,0,0
0.444,183.310053285161,64.6671605058732,0,75.1083776504273,1,1,0,1,0,0,0
0.445,183.310053285161,64.6671605058732,0,75.1083776504273,1,1,0,1,0,0,0
0.446,183.310053285161,64.6671605058732,0,75.1083776504273,1,1,0,1,0,0,0
0.447,183.310053285161,64.6671605058732,0,75.1083776504273,1,1,0,1,0,0,0
0.448,183.310053285161,64.6671605058732,0,75.1083776504273,1,1,0,1,0,0,0
0.449,183.310053285161,64.6671605058732,0,75.1083776504273,1,1,0,1,0,0,0
0.45,183.310053285161,64.6671605058732,0,75.1083776504273,1,1,0,1,0,0,0
0.451,183.310053285161,64.6671605058732,0,75.1083776504273,1,1,0,1,0,0,0
0.452,183.310053285161,64.6671605058732,0,75.1083776504273,1,1,0,1,0,0,0
0.453,183.310053285161,64.6671605058732,0,75.1083776504273,1,1,0,1,0,0,0
0.454,183.310053285161,64.6671605058732,0,75.1083776504273,1,1,0,1,0,0,0
0.455,183.310053285161,64.6671605058732,0,75.1083776504273,1,1,0,1,0,0,0
0.456,183.310053285161,64.6671605058732,0,75.1083776504273,1,1,0,1,0,0,0
0.457,183.310053285161,64.6671605058732,0,75.1083776504273,1,1,0,1,0,0,0
0.458,183.310053285161,64.6671605058732,0,75.1083776504273,1,1,0,1,0,0,0
0.459,183.310053285161,64.6671605058732,0,75.1083776504273,1,1,0,1,0,0,0
0.46,183.310053285161,64.6671605058732,0,75.1083776504273,1,1,0,1,0,0,0
0.461,183.310053285161,64.6671605058732,0,75.1083776504273,1,1,0,1,0,0,0
0.462,183.310053285161,64.6671605058732,0,75.1083776504273,1,1,0,1,0,0,0
0.463,183.310053285161,64.6671605058732,0,75.1083776504273,1,1,0,1,0,0,0
0.464,183.310053285161,64.6671605058732,0,75.1083776504273,1,1,0,1,0,0,0
0.465,183.310053285161,64.6671605058732,0,75.1083776504273,1,1,0,1,0,0,0
0.466,183.310053285161,64.6671605058732,0,75.1083776504273,1,1,0,1,0,0,0
0.467,183.310053285161,64.6671605058732,0,75.1083776504273,1,1,0,1,0,0,0
0.468,183.310053285161,64.6671605058732,0,75.1083776504273,1,1,0,1,0,0,0
0.469,183.310053285161,64.6671605058732,0,75.1083776504273,1,1,0,1,0,0,0
0.47,183.310053285161,64.6671605058732,0,75.1083776504273,1,1,0,1,0,0,0
0.471,183.310053285161,64.6671605058732,0,75.1083776504273,1,1,0,1,0,0,0
0.472,183.310053285161,64.6671605058732,0,75.1083776504273,1,1,0,1,0,0,0
0.473,183.310053285161,64.6671605058732,0,75.1083776504273,1,1,0,1,0,0,0
0.474,183.310053285161,64.6671605058732,0,75.1083776504273,1,1,0,1,0,0,0
0.475,183.310053285161,64.6671605058732,0,75.1083776504273,1,1,0,1,0,0,0
0.476,183.310053285161,64.6671605058732,0,75.1083776504273,1,1,0,1,0,0,0
0.477,183.310053285161,64.6671605058732,0,75.1083776504273,1,1,0,1,0,0,0
0.478,183.310053285161,64.6671605058732,0,75.1083776504273,1,1,0,1,0,0,0
0.479,183.310053285161,64.6671605058732,0,75.1083776504273,1,1,0,1,0,0,0
0.48,183.310053285161,64.6671605058732,0,75.1083776504273,1,1,0,1,0,0,0
0.481,183.310053285161,64.6671605058732,0,75.1083776504273,1,1,0,1,0,0,0
0.482,183.310053285161,64.6671605058732,0,75.1083776504273,1,1,0,1,0,0,0
0.483,183.310053285161,64.6671605058732,0,75.1083776504273,1,1,0,1,0,0,0
0.484,183.310053285161,64.6671605058732,0,75.1083776504273,1,1,0,1,0,0,0
0.485,183.310053285161,64.6671605058732,0,75.1083776504273,1,1,0,1,0,0,0
0.486,183.310053285161,64.6671605058732,0,75.1083776504273,1,1,0,1,0,0,0
0.487,183.310053285161,64.6671605058732,0,75.1083776504273,1,1,0,1,0,0,0
0.488,183.310053285161,64.6671605058732,0,75.1083776504273,1,1,0,1,0,0,0
0.489,183.310053285161,64.6671605058732,0,75.1083776504273,1,1,0,1,0,0,0
0.49,183.310053285161,64.6671605058732,0,75.1083776504273,1,1,0,1,0,0,0
0.491,183.310053285161,64.6671605058732,0,75.1083776504273,1,1,0,1,0,0,0
0.492,183.310053285161,64.6671605058732,0,75.1083776504273,1,1,0,1,0,0,0
0.493,183.310053285161,64.6671605058732,0,75.1083776504273,1,1,0,1,0,0,0
0.494,183.310053285161,64.6671605058732,0,75.1083776504273,1,1,0,1,0,0,0
0.495,183.310053285161,64.6671605058732,0,75.1083776504273,1,1,0,1,0,0,0
0.496,183.310053285161,64.6671605058732,0,75.1083776504273,1,1,0,1,0,0,0
0.497,183.310053285161,64.6671605058732,0,75.1083776504273,1,1,0,1,0,0,0
0.498,183.310053285161,64.6671605058732,0,75.1083776504273,1,1,0,1,0,0,0
0.499,183.310053285161,64.6671605058732,0,75.1083776504273,1,1,0,1,0,0,0
0.5,183.310053285161,64.6671605058732,0,75.1083776504273,1,1,0,1,0,0,0
0.501,183.310053285161,64.6671605058732,0,75.1083776504273,1,1,0,1,0,0,0
0.502,183.310053285161,64.6671605058732,0,75.1083776504273,1,1,0,1,0,0,0
0.503,183.310053285161,64.6671605058732,0,75.1083776504273,1,1,0,1,0,0,0
0.504,183.310053285161,64.6671605058732,0,75.1083776504273,1,1,0,1,0,0,0
0.505,183.310053285161,64.6671605058732,0,75.1083776504273,1,1,0,1,0,0,0
0.506,183.310053285161,64.6671605058732,0,75.1083776504273,1,1,0,1,0,0,0
0.507,183.310053285161,64.6671605058732,0,75.1083776504273,1,1,0,1,0,0,0
0.508,183.310053285161,64.6671605058732,0,75.1083776504273,1,1,0,1,0,0,0
0.509,183.310053285161,64.6671605058732,0,75.1083776504273,1,1,0,1,0,0,0
0.51,183.310053285161,64.6671605058732,0,75.1083776504273,1,1,0,1,0,0,0
0.511,183.310053285161,64.6671605058732,0,75.1083776504273,1,1,0,1,0,0,0
0.512,183.310053285161,64.6671605058732,0,75.1083776504273,1,1,0,1,0,0,0
0.513,183.310053285161,64.6671605058732,0,75.1083776504273,1,1,0,1,0,0,0
0.514,183.310053285161,64.6671605058732,0,75.1083776504273,1,1,0,1,0,0,0
0.515,183.310053285161,64.6671605058732,0,75.1083776504273,1,1,0,1,0,0,0
0.516,183.310053285161,64.6671605058732,0,75.1083776504273,1,1,0,1,0,0,0
0.517,183.310053285161,64.6671605058732,0,75.1083776504273,1,1,0,1,0,0,0
0.518,183.310053285161,64.6671605058732,0,75.1083776504273,1,1,0,1,0,0,0
0.519,183.310053285161,64.6671605058732,0,75.1083776504273,1,1,0,1,0,0,0
0.52,183.310053285161,64.6671605058732,0,75.1083776504273,1,1,0,1,0,0,0
0.521,183.310053285161,64.6671605058732,0,75.1083776504273,1,1,0,1,0,0,0
0.522,183.310053285161,64.6671605058732,0,75.1083776504273,1,1,0,1,0,0,0
0.523,183.310053285161,64.6671605058732,0,75.1083776504273,1,1,0,1,0,0,0
0.524,183.310053285161,64.6671605058732,0,75.1083776504273,1,1,0,1,0,0,0
0.525,183.310053285161,64.6671605058732,0,75.1083776504273,1,1,0,1,0,0,0
0.526,183.310053285161,64.6671605058732,0,75.1083776504273,1,1,0,1,0,0,0
0.527,183.310053285161,64.6671605058732,0,75.1083776504273,1,1,0,1,0,0,0
0.528,183.310053285161,64.6671605058732,0,75.1083776504273,1,1,0,1,0,0,0
0.529,183.310053285161,64.6671605058732,0,75.1083776504273,1,1,0,1,0,0,0
0.53,183.310053285161,64.6671605058732,0,75.1083776504273,1,1,0,1,0,0,0
0.531,183.310053285161,64.6671605058732,0,75.1083776504273,1,1,0,1,0,0,0
0.532,183.310053285161,64.6671605058732,0,75.1083776504273,1,1,0,1,0,0,0
0.533,183.310053285161,64.6671605058732,0,75.1083776504273,1,1,0,1,0,0,0
0.534,183.310053285161,64.6671605058732,0,75.1083776504273,1,1,0,1,0,0,0
0.535,183.310053285161,64.6671605058732,0,75.1083776504273,1,1,0,1,0,0,0
0.536,183.310053285161,64.6671605058732,0,75.1083776504273,1,1,0,1,0,0,0
0.537,183.310053285161,64.6671605058732,0,75.1083776504273,1,1,0,1,0,0,0
0.538,183.310053285161,64.6671605058732,0,75.1083776504273,1,1,0,1,0,0,0
0.539,183.310053285161,64.6671605058732,0,75.1083776504273,1,1,0,1,0,0,0
0.54,183.310053285161,64.6671605058732,0,75.1083776504273,1,1,0,1,0,0,0
0.541,183.310053285161,64.6671605058732,0,75.1083776504273,1,1,0,1,0,0,0
0.542,183.310053285161,64.6671605058732,0,75.1083776504273,1,1,0,1,0,0,0
0.543,183.310053285161,64.6671605058732,0,75.1083776504273,1,1,0,1,0,0,0
0.544,183.310053285161,64.6671605058732,0,75.1083776504273,1,1,0,1,0,0,0
0.545,183.310053285161,64.6671605058732,0,75.1083776504273,1,1,0,1,0,0,0
0.546,183.310053285161,64.6671605058732,0,75.1083776504273,1,1,0,1,0,0,0
0.547,183.310053285161,64.6671605058732,0,75.1083776504273,1,1,0,1,0,0,0
0.548,183.310053285161,64.6671605058732,0,75.1083776504273,1,1,0,1,0,0,0
0.549,183.310053285161,64.6671605058732,0,75.1083776504273,1,1,0,1,0,0,0
0.55,183.310053285161,64.6671605058732,0,75.1083776504273,1,1,0,1,0,0,0
0.551,183.310053285161,64.6671605058732,0,75.1083776504273,1,1,0,1,0,0,0
0.552,183.310053285161,64.6671605058732,0,75.1083776504273,1,1,0,1,0,0,0
0.553,183.310053285161,64.6671605058732,0,75.1083776504273,1,1,0,1,0,0,0
0.554,183.310053285161,64.6671605058732,0,75.1083776504273,1,1,0,1,0,0,0
0.555,183.310053285161,64.6671605058732,0,75.1083776504273,1,1,0,1,0,0,0
0.556,183.310053285161,64.6671605058732,0,75.1083776504273,1,1,0,1,0,0,0
0.557,183.310053285161,64.6671605058732,0,75.1083776504273,1,1,0,1,0,0,0
0.558,183.310053285161,64.6671605058732,0,75.1083776504273,1,1,0,1,0,0,0
0.559,183.310053285161,64.6671605058732,0,75.1083776504273,1,1,0,1,0,0,0
0.56,183.310053285161,64.6671605058732,0,75.1083776504273,1,1,0,1,0,0,0
0.561,183.310053285161,64.6671605058732,0,75.1083776504273,1,1,0,1,0,0,0
0.562,183.310053285161,64.6671605058732,0,75.1083776504273,1,1,0,1,0,0,0
0.563,183.310053285161,64.6671605058732,0,75.1083776504273,1,1,0,1,0,0,0
0.564,183.310053285161,64.6671605058732,0,75.1083776504273,1,1,0,1,0,0,0
0.565,183.310053285161,64.6671605058732,0,75.1083776504273,1,1,0,1,0,0,0
0.566,183.310053285161,64.6671605058732,0,75.1083776504273,1,1,0,1,0,0,0
0.567,183.310053285161,64.6671605058732,0,75.1083776504273,1,1,0,1,0,0,0
0.568,183.310053285161,64.6671605058732,0,75.1083776504273,1,1,0,1,0,0,0
0.569,183.310053285161,64.6671605058732,0,75.1083776504273,1,1,0,1,0,0,0
0.57,183.310053285161,64.6671605058732,0,75.1083776504273,1,1,0,1,0,0,0
0.571,183.310053285161,64.6671605058732,0,75.1083776504273,1,1,0,1,0,0,0
0.572,183.310053285161,64.6671605058732,0,75.1083776504273,1,1,0,1,0,0,0
0.573,183.310053285161,64.6671605058732,0,75.1083776504273,1,1,0,1,0,0,0
0.574,183.310053285161,64.6671605058732,0,75.1083776504273,1,1,0,1,0,0,0
0.575,183.310053285161,64.6671605058732,0,75.1083776504273,1,1,0,1,0,0,0
0.576,183.310053285161,64.6671605058732,0,75.1083776504273,1,1,0,1,0,0,0
0.577,183.310053285161,64.6671605058732,0,75.1083776504273,1,1,0,1,0,0,0
0.578,183.310053285161,64.6671605058732,0,75.1083776504273,1,1,0,1,0,0,0
0.579,183.310053285161,64.6671605058732,0,75.1083776504273,1,1,0,1,0,0,0
0.58,183.310053285161,64.6671605058732,0,75.1083776504273,1,1,0,1,0,0,0
0.581,183.310053285161,64.6671605058732,0,75.1083776504273,1,1,0,1,0,0,0
0.582,183.310053285161,64.6671605058732,0,75.1083776504273,1,1,0,1,0,0,0
0.583,183.310053285161,64.6671605058732,0,75.1083776504273,1,1,0,1,0,0,0
0.584,183.310053285161,64.6671605058732,0,75.1083776504273,1,1,0,1,0,0,0
0.585,183.310053285161,64.6671605058732,0,75.1083776504273,1,1,0,1,0,0,0
0.586,183.310053285161,64.6671605058732,0,75.1083776504273,1,1,0,1,0,0,0
0.587,183.310053285161,64.6671605058732,0,75.1083776504273,1,1,0,1,0,0,0
0.588,183.310053285161,64.6671605058732,0,75.1083776504273,1,1,0,1,0,0,0
0.589,183.310053285161,64.6671605058732,0,75.1083776504273,1,1,0,1,0,0,0
0.59,183.310053285161,64.6671605058732,0,75.1083776504273,1,1,0,1,0,0,0
0.591,183.310053285161,64.6671605058732,0,75.1083776504273,1,1,0,1,0,0,0
0.592,183.310053285161,64.6671605058732,0,75.1083776504273,1,1,0,1,0,0,0
0.593,183.310053285161,64.6671605058732,0,75.1083776504273,1,1,0,1,0,0,0
0.594,183.310053285161,64.6671605058732,0,75.1083776504273,1,1,0,1,0,0,0
0.595,183.310053285161,64.6671605058732,0,75.1083776504273,1,1,0,1,0,0,0
0.596,183.310053285161,64.6671605058732,0,75.1083776504273,1,1,0,1,0,0,0
0.597,183.310053285161,64.6671605058732,0,75.1083776504273,1,1,0,1,0,0,0
0.598,183.310053285161,64.6671605058732,0,75.1083776504273,1,1,0,1,0,0,0
0.599,183.310053285161,64.6671605058732,0,75.1083776504273,1,1,0,1,0,0,0
0.6,183.310053285161,64.6671605058732,0,75.1083776504273,1,1,0,1,0,0,0
0.601,183.310053285161,64.6671605058732,0,75.1083776504273,1,1,0,1,0,0,0
0.602,183.310053285161,64.6671605058732,0,75.1083776504273,1,1,0,1,0,0,0
0.603,183.310053285161,64.6671605058732,0,75.1083776504273,1,1,0,1,0,0,0
0.604,183.310053285161,64.6671605058732,0,75.1083776504273,1,1,0,1,0,0,0
0.605,183.310053285161,64.6671605058732,0,75.1083776504273,1,1,0,1,0,0,0
0.606,183.310053285161,64.6671605058732,0,75.1083776504273,1,1,0,1,0,0,0
0.607,183.310053285161,64.6671605058732,0,75.1083776504273,1,1,0,1,0,0,0
0.608,183.310053285161,64.6671605058732,0,75.1083776504273,1,1,0,1,0,0,0
0.609,183.310053285161,64.6671605058732,0,75.1083776504273,1,1,0,1,0,0,0
0.61,183.310053285161,64.6671605058732,0,75.1083776504273,1,1,0,1,0,0,0
0.611,183.310053285161,64.6671605058732,0,75.1083776504273,1,1,0,1,0,0,0
0.612,183.310053285161,64.6671605058732,0,75.1083776504273,1,1,0,1,0,0,0
0.613,183.310053285161,64.6671605058732,0,75.1083776504273,1,1,0,1,0,0,0
0.614,183.310053285161,64.6671605058732,0,75.1083776504273,1,1,0,1,0,0,0
0.615,183.310053285161,64.6671605058732,0,75.1083776504273,1,1,0,1,0,0,0
0.616,183.310053285161,64.6671605058732,0,75.1083776504273,1,1,0,1,0,0,0
0.617,183.310053285161,64.6671605058732,0,75.1083776504273,1,1,0,1,0,0,0
0.618,183.310053285161,64.6671605058732,0,75.1083776504273,1,1,0,1,0,0,0
0.619,183.310053285161,64.6671605058732,0,75.1083776504273,1,1,0,1,0,0,0
0.62,183.310053285161,64.6671605058732,0,75.1083776504273,1,1,0,1,0,0,0
0.621,183.310053285161,64.6671605058732,0,75.1083776504273,1,1,0,1,0,0,0
0.622,183.310053285161,64.6671605058732,0,75.1083776504273,1,1,0,1,0,0,0
0.623,183.310053285161,64.6671605058732,0,75.1083776504273,1,1,0,1,0,0,0
0.624,183.310053285161,64.6671605058732,0,75.1083776504273,1,1,0,1,0,0,0
0.625,183.310053285161,64.6671605058732,0,75.1083776504273,1,1,0,1,0,0,0
0.626,183.310053285161,64.6671605058732,0,75.1083776504273,1,1,0,1,0,0,0
0.627,183.310053285161,64.6671605058732,0,75.1083776504273,1,1,0,1,0,0,0
0.628,183.310053285161,64.6671605058732,0,75.1083776504273,1,1,0,1,0,0,0
0.629,183.310053285161,64.6671605058732,0,75.1083776504273,1,1,0,1,0,0,0
0.63,183.310053285161,64.6671605058732,0,75.1083776504273,1,1,0,1,0,0,0
0.631,183.310053285161,64.6671605058732,0,75.1083776504273,1,1,0,1,0,0,0
0.632,183.310053285161,64.6671605058732,0,75.1083776504273,1,1,0,1,0,0,0
0.633,183.310053285161,64.6671605058732,0,75.1083776504273,1,1,0,1,0,0,0
0.634,183.310053285161,64.6671605058732,0,75.1083776504273,1,1,0,1,0,0,0
0.635,183.310053285161,64.6671605058732,0,75.1083776504273,1,1,0,1,0,0,0
0.636,183.310053285161,64.6671605058732,0,75.1083776504273,1,1,0,1,0,0,0
0.637,183.310053285161,64.6671605058732,0,75.1083776504273,1,1,0,1,0,0,0
0.638,183.310053285161,64.6671605058732,0,75.1083776504273,1,1,0,1,0,0,0
0.639,183.310053285161,64.6671605058732,0,75.1083776504273,1,1,0,1,0,0,0
0.64,183.310053285161,64.6671605058732,0,75.1083776504273,1,1,0,1,0,0,0
0.641,183.310053285161,64.6671605058732,0,75.1083776504273,1,1,0,1,0,0,0
0.642,183.310053285161,64.6671605058732,0,75.1083776504273,1,1,0,1,0,0,0
0.643,183.310053285161,64.6671605058732,0,75.1083776504273,1,1,0,1,0,0,0
0.644,183.310053285161,64.6671605058732,0,75.1083776504273,1,1,0,1,0,0,0
0.645,183.310053285161,64.6671605058732,0,75.1083776504273,1,1,0,1,0,0,0
0.646,183.310053285161,64.6671605058732,0,75.1083776504273,1,1,0,1,0,0,0
0.647,183.310053285161,64.6671605058732,0,75.1083776504273,1,1,0,1,0,0,0
0.648,183.310053285161,64.6671605058732,0,75.1083776504273,1,1,0,1,0,0,0
0.649,183.310053285161,64.6671605058732,0,75.1083776504273,1,1,0,1,0,0,0
0.65,183.310053285161,64.6671605058732,0,75.1083776504273,1,1,0,1,0,0,0
0.651,183.310053285161,64.6671605058732,0,75.1083776504273,1,1,0,1,0,0,0
0.652,183.310053285161,64.6671605058732,0,75.1083776504273,1,1,0,1,0,0,0
0.653,183.310053285161,64.6671605058732,0,75.1083776504273,1,1,0,1,0,0,0
0.654,183.310053285161,64.6671605058732,0,75.1083776504273,1,1,0,1,0,0,0
0.655,183.310053285161,64.6671605058732,0,75.1083776504273,1,1,0,1,0,0,0
0.656,183.310053285161,64.6671605058732,0,75.1083776504273,1,1,0,1,0,0,0
0.657,183.310053285161,64.6671605058732,0,75.1083776504273,1,1,0,1,0,0,0
0.658,183.310053285161,64.6671605058732,0,75.1083776504273,1,1,0,1,0,0,0
0.659,183.310053285161,64.6671605058732,0,75.1083776504273,1,1,0,1,0,0,0
0.66,183.310053285161,64.6671605058732,0,75.1083776504273,1,1,0,1,0,0,0
0.661,183.310053285161,64.6671605058732,0,75.1083776504273,1,1,0,1,0,0,0
0.662,183.310053285161,64.6671605058732,0,75.1083776504273,1,1,0,1,0,0,0
0.663,183.310053285161,64.6671605058732,0,75.1083776504273,1,1,0,1,0,0,0
0.664,183.310053285161,64.6671605058732,0,75.1083776504273,1,1,0,1,0,0,0
0.665,183.310053285161,64.6671605058732,0,75.1083776504273,1,1,0,1,0,0,0
0.666,183.310053285161,64.6671605058732,0,75.1083776504273,1,1,0,1,0,0,0
0.667,183.310053285161,64.6671605058732,0,75.1083776504273,1,1,0,1,0,0,0
0.668,183.310053285161,64.6671605058732,0,75.1083776504273,1,1,0,1,0,0,0
0.669,183.310053285161,64.6671605058732,0,75.1083776504273,1,1,0,1,0,0,0
0.67,183.310053285161,64.6671605058732,0,75.1083776504273,1,1,0,1,0,0,0
0.671,183.310053285161,64.6671605058732,0,75.1083776504273,1,1,0,1,0,0,0
0.672,183.310053285161,64.6671605058732,0,75.1083776504273,1,1,0,1,0,0,0
0.673,183.310053285161,64.6671605058732,0,75.1083776504273,1,1,0,1,0,0,0
0.674,183.310053285161,64.6671605058732,0,75.1083776504273,1,1,0,1,0,0,0
0.675,183.310053285161,64.6671605058732,0,75.1083776504273,1,1,0,1,0,0,0
0.676,183.310053285161,64.6671605058732,0,75.1083776504273,1,1,0,1,0,0,0
0.677,183.310053285161,64.6671605058732,0,75.1083776504273,1,1,0,1,0,0,0
0.678,183.310053285161,64.6671605058732,0,75.1083776504273,1,1,0,1,0,0,0
0.679,183.310053285161,64.6671605058732,0,75.1083776504273,1,1,0,1,0,0,0
0.68,183.310053285161,64.6671605058732,0,75.1083776504273,1,1,0,1,0,0,0
0.681,183.310053285161,64.6671605058732,0,75.1083776504273,1,1,0,1,0,0,0
0.682,183.310053285161,64.6671605058732,0,75.1083776504273,1,1,0,1,0,0,0
0.683,183.310053285161,64.6671605058732,0,75.1083776504273,1,1,0,1,0,0,0
0.684,183.310053285161,64.6671605058732,0,75.1083776504273,1,1,0,1,0,0,0
0.685,183.310053285161,64.6671605058732,0,75.1083776504273,1,1,0,1,0,0,0
0.686,183.310053285161,64.6671605058732,0,75.1083776504273,1,1,0,1,0,0,0
0.687,183.310053285161,64.6671605058732,0,75.1083776504273,1,1,0,1,0,0,0
0.688,183.310053285161,64.6671605058732,0,75.1083776504273,1,1,0,1,0,0,0
0.689,183.310053285161,64.6671605058732,0,75.1083776504273,1,1,0,1,0,0,0
0.69,183.310053285161,64.6671605058732,0,75.1083776504273,1,1,0,1,0,0,0
0.691,183.310053285161,64.6671605058732,0,75.1083776504273,1,1,0,1,0,0,0
0.692,183.310053285161,64.6671605058732,0,75.1083776504273,1,1,0,1,0,0,0
0.693,183.310053285161,64.6671605058732,0,75.1083776504273,1,1,0,1,0,0,0
0.694,183.310053285161,64.6671605058732,0,75.1083776504273,1,1,0,1,0,0,0
0.695,183.310053285161,64.6671605058732,0,75.1083776504273,1,1,0,1,0,0,0
0.696,183.310053285161,64.6671605058732,0,75.1083776504273,1,1,0,1,0,0,0
0.697,183.310053285161,64.6671605058732,0,75.1083776504273,1,1,0,1,0,0,0
0.698,183.310053285161,64.6671605058732,0,75.1083776504273,1,1,0,1,0,0,0
0.699,183.310053285161,64.6671605058732,0,75.1083776504273,1,1,0,1,0,0,0
0.7,183.310053285161,64.6671605058732,0,75.1083776504273,1,1,0,1,0,0,0
0.701,183.310053285161,64.6671605058732,0,75.1083776504273,1,1,0,1,0,0,0
0.702,183.310053285161,64.6671605058732,0,75.1083776504273,1,1,0,1,0,0,0
0.703,183.310053285161,64.6671605058732,0,75.1083776504273,1,1,0,1,0,0,0
0.704,183.310053285161,64.6671605058732,0,75.1083776504273,1,1,0,1,0,0,0
0.705,183.310053285161,64.6671605058732,0,75.1083776504273,1,1,0,1,0,0,0
0.706,183.310053285161,64.6671605058732,0,75.1083776504273,1,1,0,1,0,0,0
0.707,183.310053285161,64.6671605058732,0,75.1083776504273,1,1,0,1,0,0,0
0.708,183.310053285161,64.6671605058732,0,75.1083776504273,1,1,0,1,0,0,0
0.709,183.310053285161,64.6671605058732,0,75.1083776504273,1,1,0,1,0,0,0
0.71,183.310053285161,64.6671605058732,0,75.1083776504273,1,1,0,1,0,0,0
0.711,183.310053285161,64.6671605058732,0,75.1083776504273,1,1,0,1,0,0,0
0.712,183.310053285161,64.6671605058732,0,75.1083776504273,1,1,0,1,0,0,0
0.713,183.310053285161,64.6671605058732,0,75.1083776504273,1,1,0,1,0,0,0
0.714,183.310053285161,64.6671605058732,0,75.1083776504273,1,1,0,1,0,0,0
0.715,183.310053285161,64.6671605058732,0,75.1083776504273,1,1,0,1,0,0,0
0.716,183.310053285161,64.6671605058732,0,75.1083776504273,1,1,0,1,0,0,0
0.717,183.310053285161,64.6671605058732,0,75.1083776504273,1,1,0,1,0,0,0
0.718,183.310053285161,64.6671605058732,0,75.1083776504273,1,1,0,1,0,0,0
0.719,183.310053285161,64.6671605058732,0,75.1083776504273,1,1,0,1,0,0,0
0.72,183.310053285161,64.6671605058732,0,75.1083776504273,1,1,0,1,0,0,0
0.721,183.310053285161,64.6671605058732,0,75.1083776504273,1,1,0,1,0,0,0
0.722,183.310053285161,64.6671605058732,0,75.1083776504273,1,1,0,1,0,0,0
0.723,183.310053285161,64.6671605058732,0,75.1083776504273,1,1,0,1,0,0,0
0.724,183.310053285161,64.6671605058732,0,75.1083776504273,1,1,0,1,0,0,0
0.725,183.310053285161,64.6671605058732,0,75.1083776504273,1,1,0,1,0,0,0
0.726,183.310053285161,64.6671605058732,0,75.1083776504273,1,1,0,1,0,0,0
0.727,183.310053285161,64.6671605058732,0,75.1083776504273,1,1,0,1,0,0,0
0.728,183.310053285161,64.6671605058732,0,75.1083776504273,1,1,0,1,0,0,0
0.729,183.310053285161,64.6671605058732,0,75.1083776504273,1,1,0,1,0,0,0
0.73,183.310053285161,64.6671605058732,0,75.1083776504273,1,1,0,1,0,0,0
0.731,183.310053285161,64.6671605058732,0,75.1083776504273,1,1,0,1,0,0,0
0.732,183.310053285161,64.6671605058732,0,75.1083776504273,1,1,0,1,0,0,0
0.733,183.310053285161,64.6671605058732,0,75.1083776504273,1,1,0,1,0,0,0
0.734,183.310053285161,64.6671605058732,0,75.1083776504273,1,1,0,1,0,0,0
0.735,183.310053285161,64.6671605058732,0,75.1083776504273,1,1,0,1,0,0,0
0.736,183.310053285161,64.6671605058732,0,75.1083776504273,1,1,0,1,0,0,0
0.737,183.310053285161,64.6671605058732,0,75.1083776504273,1,1,0,1,0,0,0
0.738,183.310053285161,64.6671605058732,0,75.1083776504273,1,1,0,1,0,0,0
0.739,183.310053285161,64.6671605058732,0,75.1083776504273,1,1,0,1,0,0,0
0.74,183.310053285161,64.6671605058732,0,75.1083776504273,1,1,0,1,0,0,0
0.741,183.310053285161,64.6671605058732,0,75.1083776504273,1,1,0,1,0,0,0
0.742,183.310053285161,64.6671605058732,0,75.1083776504273,1,1,0,1,0,0,0
0.743,183.310053285161,64.6671605058732,0,75.1083776504273,1,1,0,1,0,0,0
0.744,183.310053285161,64.6671605058732,0,75.1083776504273,1,1,0,1,0,0,0
0.745,183.310053285161,64.6671605058732,0,75.1083776504273,1,1,0,1,0,0,0
0.746,183.310053285161,64.6671605058732,0,75.1083776504273,1,1,0,1,0,0,0
0.747,183.310053285161,64.6671605058732,0,75.1083776504273,1,1,0,1,0,0,0
0.748,183.310053285161,64.6671605058732,0,75.1083776504273,1,1,0,1,0,0,0
0.749,183.310053285161,64.6671605058732,0,75.1083776504273,1,1,0,1,0,0,0
0.75,183.310053285161,64.6671605058732,0,75.1083776504273,1,1,0,1,0,0,0
0.751,183.310053285161,64.6671605058732,0,75.1083776504273,1,1,0,1,0,0,0
0.752,183.310053285161,64.6671605058732,0,75.1083776504273,1,1,0,1,0,0,0
0.753,183.310053285161,64.6671605058732,0,75.1083776504273,1,1,0,1,0,0,0
0.754,183.310053285161,64.6671605058732,0,75.1083776504273,1,1,0,1,0,0,0
0.755,183.310053285161,64.6671605058732,0,75.1083776504273,1,1,0,1,0,0,0
0.756,183.310053285161,64.6671605058732,0,75.1083776504273,1,1,0,1,0,0,0
0.757,183.310053285161,64.6671605058732,0,75.1083776504273,1,1,0,1,0,0,0
0.758,183.310053285161,64.6671605058732,0,75.1083776504273,1,1,0,1,0,0,0
0.759,183.310053285161,64.6671605058732,0,75.1083776504273,1,1,0,1,0,0,0
0.76,183.310053285161,64.6671605058732,0,75.1083776504273,1,1,0,1,0,0,0
0.761,183.310053285161,64.6671605058732,0,75.1083776504273,1,1,0,1,0,0,0
0.762,183.310053285161,64.6671605058732,0,75.1083776504273,1,1,0,1,0,0,0
0.763,183.310053285161,64.6671605058732,0,75.1083776504273,1,1,0,1,0,0,0
0.764,183.310053285161,64.6671605058732,0,75.1083776504273,1,1,0,1,0,0,0
0.765,183.310053285161,64.6671605058732,0,75.1083776504273,1,1,0,1,0,0,0
0.766,183.310053285161,64.6671605058732,0,75.1083776504273,1,1,0,1,0,0,0
0.767,183.310053285161,64.6671605058732,0,75.1083776504273,1,1,0,1,0,0,0
0.768,183.310053285161,64.6671605058732,0,75.1083776504273,1,1,0,1,0,0,0
0.769,183.310053285161,64.6671605058732,0,75.1083776504273,1,1,0,1,0,0,0
0.77,183.310053285161,64.6671605058732,0,75.1083776504273,1,1,0,1,0,0,0
0.771,183.310053285161,64.6671605058732,0,75.1083776504273,1,1,0,1,0,0,0
0.772,183.310053285161,64.6671605058732,0,75.1083776504273,1,1,0,1,0,0,0
0.773,183.310053285161,64.6671605058732,0,75.1083776504273,1,1,0,1,0,0,0
0.774,183.310053285161,64.6671605058732,0,75.1083776504273,1,1,0,1,0,0,0
0.775,183.310053285161,64.6671605058732,0,75.1083776504273,1,1,0,1,0,0,0
0.776,183.310053285161,64.6671605058732,0,75.1083776504273,1,1,0,1,0,0,0
0.777,183.310053285161,64.6671605058732,0,75.1083776504273,1,1,0,1,0,0,0
0.778,183.310053285161,64.6671605058732,0,75.1083776504273,1,1,0,1,0,0,0
0.779,183.310053285161,64.6671605058732,0,75.1083776504273,1,1,0,1,0,0,0
0.78,183.310053285161,64.6671605058732,0,75.1083776504273,1,1,0,1,0,0,0
0.781,183.310053285161,64.6671605058732,0,75.1083776504273,1,1,0,1,0,0,0
0.782,183.310053285161,64.6671605058732,0,75.1083776504273,1,1,0,1,0,0,0
0.783,183.310053285161,64.6671605058732,0,75.1083776504273,1,1,0,1,0,0,0
0.784,183.310053285161,64.6671605058732,0,75.1083776504273,1,1,0,1,0,0,0
0.785,183.310053285161,64.6671605058732,0,75.1083776504273,1,1,0,1,0,0,0
0.786,183.310053285161,64.6671605058732,0,75.1083776504273,1,1,0,1,0,0,0
0.787,183.310053285161,64.6671605058732,0,75.1083776504273,1,1,0,1,0,0,0
0.788,183.310053285161,64.6671605058732,0,75.1083776504273,1,1,0,1,0,0,0
0.789,183.310053285161,64.6671605058732,0,75.1083776504273,1,1,0,1,0,0,0
0.79,183.310053285161,64.6671605058732,0,75.1083776504273,1,1,0,1,0,0,0
0.791,183.310053285161,64.6671605058732,0,75.1083776504273,1,1,0,1,0,0,0
0.792,183.310053285161,64.6671605058732,0,75.1083776504273,1,1,0,1,0,0,0
0.793,183.310053285161,64.6671605058732,0,75.1083776504273,1,1,0,1,0,0,0
0.794,183.310053285161,64.6671605058732,0,75.1083776504273,1,1,0,1,0,0,0
0.795,183.310053285161,64.6671605058732,0,75.1083776504273,1,1,0,1,0,0,0
0.796,183.310053285161,64.6671605058732,0,75.1083776504273,1,1,0,1,0,0,0
0.797,183.310053285161,64.6671605058732,0,75.1083776504273,1,1,0,1,0,0,0
0.798,183.310053285161,64.6671605058732,0,75.1083776504273,1,1,0,1,0,0,0
0.799,183.310053285161,64.6671605058732,0,75.1083776504273,1,1,0,1,0,0,0
0.8,183.310053285161,64.6671605058732,0,75.1083776504273,1,1,0,1,0,0,0
0.801,183.310053285161,64.6671605058732,0,75.1083776504273,1,1,0,1,0,0,0
0.802,183.310053285161,64.6671605058732,0,75.1083776504273,1,1,0,1,0,0,0
0.803,183.310053285161,64.6671605058732,0,75.1083776504273,1,1,0,1,0,0,0
0.804,183.310053285161,64.6671605058732,0,75.1083776504273,1,1,0,1,0,0,0
0.805,183.310053285161,64.6671605058732,0,75.1083776504273,1,1,0,1,0,0,0
0.806,183.310053285161,64.6671605058732,0,75.1083776504273,1,1,0,1,0,0,0
0.807,183.310053285161,64.6671605058732,0,75.1083776504273,1,1,0,1,0,0,0
0.808,183.310053285161,64.6671605058732,0,75.1083776504273,1,1,0,1,0,0,0
0.809,183.310053285161,64.6671605058732,0,75.1083776504273,1,1,0,1,0,0,0
0.81,183.310053285161,64.6671605058732,0,75.1083776504273,1,1,0,1,0,0,0
0.811,183.310053285161,64.6671605058732,0,75.1083776504273,1,1,0,1,0,0,0
0.812,183.310053285161,64.6671605058732,0,75.1083776504273,1,1,0,1,0,0,0
0.813,183.310053285161,64.6671605058732,0,75.1083776504273,1,1,0,1,0,0,0
0.814,183.310053285161,64.6671605058732,0,75.1083776504273,1,1,0,1,0,0,0
0.815,183.310053285161,64.6671605058732,0,75.1083776504273,1,1,0,1,0,0,0
0.816,183.310053285161,64.6671605058732,0,75.1083776504273,1,1,0,1,0,0,0
0.817,183.310053285161,64.6671605058732,0,75.1083776504273,1,1,0,1,0,0,0
0.818,183.310053285161,64.6671605058732,0,75.1083776504273,1,1,0,1,0,0,0
0.819,183.310053285161,64.6671605058732,0,75.1083776504273,1,1,0,1,0,0,0
0.82,183.310053285161,64.6671605058732,0,75.1083776504273,1,1,0,1,0,0,0
0.821,183.310053285161,64.6671605058732,0,75.1083776504273,1,1,0,1,0,0,0
0.822,183.310053285161,64.6671605058732,0,75.1083776504273,1,1,0,1,0,0,0
0.823,183.310053285161,64.6671605058732,0,75.1083776504273,1,1,0,1,0,0,0
0.824,183.310053285161,64.6671605058732,0,75.1083776504273,1,1,0,1,0,0,0
0.825,183.310053285161,64.6671605058732,0,75.1083776504273,1,1,0,1,0,0,0
0.826,183.310053285161,64.6671605058732,0,75.1083776504273,1,1,0,1,0,0,0
0.827,183.310053285161,64.6671605058732,0,75.1083776504273,1,1,0,1,0,0,0
0.828,183.310053285161,64.6671605058732,0,75.1083776504273,1,1,0,1,0,0,0
0.829,183.310053285161,64.6671605058732,0,75.1083776504273,1,1,0,1,0,0,0
0.83,183.310053285161,64.6671605058732,0,75.1083776504273,1,1,0,1,0,0,0
0.831,183.310053285161,64.6671605058732,0,75.1083776504273,1,1,0,1,0,0,0
0.832,183.310053285161,64.6671605058732,0,75.1083776504273,1,1,0,1,0,0,0
0.833,183.310053285161,64.6671605058732,0,75.1083776504273,1,1,0,1,0,0,0
0.834,183.310053285161,64.6671605058732,0,75.1083776504273,1,1,0,1,0,0,0
0.835,183.310053285161,64.6671605058732,0,75.1083776504273,1,1,0,1,0,0,0
0.836,183.310053285161,64.6671605058732,0,75.1083776504273,1,1,0,1,0,0,0
0.837,183.310053285161,64.6671605058732,0,75.1083776504273,1,1,0,1,0,0,0
0.838,183.310053285161,64.6671605058732,0,75.1083776504273,1,1,0,1,0,0,0
0.839,183.310053285161,64.6671605058732,0,75.1083776504273,1,1,0,1,0,0,0
0.84,183.310053285161,64.6671605058732,0,75.1083776504273,1,1,0,1,0,0,0
0.841,183.310053285161,64.6671605058732,0,75.1083776504273,1,1,0,1,0,0,0
0.842,183.310053285161,64.6671605058732,0,75.1083776504273,1,1,0,1,0,0,0
0.843,183.310053285161,64.6671605058732,0,75.1083776504273,1,1,0,1,0,0,0
0.844,183.310053285161,64.6671605058732,0,75.1083776504273,1,1,0,1,0,0,0
0.845,183.310053285161,64.6671605058732,0,75.1083776504273,1,1,0,1,0,0,0
0.846,183.310053285161,64.6671605058732,0,75.1083776504273,1,1,0,1,0,0,0
0.847,183.310053285161,64.6671605058732,0,75.1083776504273,1,1,0,1,0,0,0
0.848,183.310053285161,64.6671605058732,0,75.1083776504273,1,1,0,1,0,0,0
0.849,183.310053285161,64.6671605058732,0,75.1083776504273,1,1,0,1,0,0,0
0.85,183.310053285161,64.6671605058732,0,75.1083776504273,1,1,0,1,0,0,0
0.851,183.310053285161,64.6671605058732,0,75.1083776504273,1,1,0,1,0,0,0
0.852,183.310053285161,64.6671605058732,0,75.1083776504273,1,1,0,1,0,0,0
0.853,183.310053285161,64.6671605058732,0,75.1083776504273,1,1,0,1,0,0,0
0.854,183.310053285161,64.6671605058732,0,75.1083776504273,1,1,0,1,0,0,0
0.855,183.310053285161,64.6671605058732,0,75.1083776504273,1,1,0,1,0,0,0
0.856,183.310053285161,64.6671605058732,0,75.1083776504273,1,1,0,1,0,0,0
0.857,183.310053285161,64.6671605058732,0,75.1083776504273,1,1,0,1,0,0,0
0.858,183.310053285161,64.6671605058732,0,75.1083776504273,1,1,0,1,0,0,0
0.859,183.310053285161,64.6671605058732,0,75.1083776504273,1,1,0,1,0,0,0
0.86,183.310053285161,64.6671605058732,0,75.1083776504273,1,1,0,1,0,0,0
0.861,183.310053285161,64.6671605058732,0,75.1083776504273,1,1,0,1,0,0,0
0.862,183.310053285161,64.6671605058732,0,75.1083776504273,1,1,0,1,0,0,0
0.863,183.310053285161,64.6671605058732,0,75.1083776504273,1,1,0,1,0,0,0
0.864,183.310053285161,64.6671605058732,0,75.1083776504273,1,1,0,1,0,0,0
0.865,183.310053285161,64.6671605058732,0,75.1083776504273,1,1,0,1,0,0,0
0.866,183.310053285161,64.6671605058732,0,75.1083776504273,1,1,0,1,0,0,0
0.867,183.310053285161,64.6671605058732,0,75.1083776504273,1,1,0,1,0,0,0
0.868,183.310053285161,64.6671605058732,0,75.1083776504273,1,1,0,1,0,0,0
0.869,183.310053285161,64.6671605058732,0,75.1083776504273,1,1,0,1,0,0,0
0.87,183.310053285161,64.6671605058732,0,75.1083776504273,1,1,0,1,0,0,0
0.871,183.310053285161,64.6671605058732,0,75.1083776504273,1,1,0,1,0,0,0
0.872,183.310053285161,64.6671605058732,0,75.1083776504273,1,1,0,1,0,0,0
0.873,183.310053285161,64.6671605058732,0,75.1083776504273,1,1,0,1,0,0,0
0.874,183.310053285161,64.6671605058732,0,75.1083776504273,1,1,0,1,0,0,0
0.875,183.310053285161,64.6671605058732,0,75.1083776504273,1,1,0,1,0,0,0
0.876,183.310053285161,64.6671605058732,0,75.1083776504273,1,1,0,1,0,0,0
0.877,183.310053285161,64.6671605058732,0,75.1083776504273,1,1,0,1,0,0,0
0.878,183.310053285161,64.6671605058732,0,75.1083776504273,1,1,0,1,0,0,0
0.879,183.310053285161,64.6671605058732,0,75.1083776504273,1,1,0,1,0,0,0
0.88,183.310053285161,64.6671605058732,0,75.1083776504273,1,1,0,1,0,0,0
0.881,183.310053285161,64.6671605058732,0,75.1083776504273,1,1,0,1,0,0,0
0.882,183.310053285161,64.6671605058732,0,75.1083776504273,1,1,0,1,0,0,0
0.883,183.310053285161,64.6671605058732,0,75.1083776504273,1,1,0,1,0,0,0
0.884,183.310053285161,64.6671605058732,0,75.1083776504273,1,1,0,1,0,0,0
0.885,183.310053285161,64.6671605058732,0,75.1083776504273,1,1,0,1,0,0,0
0.886,183.310053285161,64.6671605058732,0,75.1083776504273,1,1,0,1,0,0,0
0.887,183.310053285161,64.6671605058732,0,75.1083776504273,1,1,0,1,0,0,0
0.888,183.310053285161,64.6671605058732,0,75.1083776504273,1,1,0,1,0,0,0
0.889,183.310053285161,64.6671605058732,0,75.1083776504273,1,1,0,1,0,0,0
0.89,183.310053285161,64.6671605058732,0,75.1083776504273,1,1,0,1,0,0,0
0.891,183.310053285161,64.6671605058732,0,75.1083776504273,1,1,0,1,0,0,0
0.892,183.310053285161,64.6671605058732,0,75.1083776504273,1,1,0,1,0,0,0
0.893,183.310053285161,64.6671605058732,0,75.1083776504273,1,1,0,1,0,0,0
0.894,183.310053285161,64.6671605058732,0,75.1083776504273,1,1,0,1,0,0,0
0.895,183.310053285161,64.6671605058732,0,75.1083776504273,1,1,0,1,0,0,0
0.896,183.310053285161,64.6671605058732,0,75.1083776504273,1,1,0,1,0,0,0
0.897,183.310053285161,64.6671605058732,0,75.1083776504273,1,1,0,1,0,0,0
0.898,183.310053285161,64.6671605058732,0,75.1083776504273,1,1,0,1,0,0,0
0.899,183.310053285161,64.6671605058732,0,75.1083776504273,1,1,0,1,0,0,0
0.9,183.310053285161,64.6671605058732,0,75.1083776504273,1,1,0,1,0,0,0
0.901,183.310053285161,64.6671605058732,0,75.1083776504273,1,1,0,1,0,0,0
0.902,183.310053285161,64.6671605058732,0,75.1083776504273,1,1,0,1,0,0,0
0.903,183.310053285161,64.6671605058732,0,75.1083776504273,1,1,0,1,0,0,0
0.904,183.310053285161,64.6671605058732,0,75.1083776504273,1,1,0,1,0,0,0
0.905,183.310053285161,64.6671605058732,0,75.1083776504273,1,1,0,1,0,0,0
0.906,183.310053285161,64.6671605058732,0,75.1083776504273,1,1,0,1,0,0,0
0.907,183.310053285161,64.6671605058732,0,75.1083776504273,1,1,0,1,0,0,0
0.908,183.310053285161,64.6671605058732,0,75.1083776504273,1,1,0,1,0,0,0
0.909,183.310053285161,64.6671605058732,0,75.1083776504273,1,1,0,1,0,0,0
0.91,183.310053285161,64.6671605058732,0,75.1083776504273,1,1,0,1,0,0,0
0.911,183.310053285161,64.6671605058732,0,75.1083776504273,1,1,0,1,0,0,0
0.912,183.310053285161,64.6671605058732,0,75.1083776504273,1,1,0,1,0,0,0
0.913,183.310053285161,64.6671605058732,0,75.1083776504273,1,1,0,1,0,0,0
0.914,183.310053285161,64.6671605058732,0,75.1083776504273,1,1,0,1,0,0,0
0.915,183.310053285161,64.6671605058732,0,75.1083776504273,1,1,0,1,0,0,0
0.916,183.310053285161,64.6671605058732,0,75.1083776504273,1,1,0,1,0,0,0
0.917,183.310053285161,64.6671605058732,0,75.1083776504273,1,1,0,1,0,0,0
0.918,183.310053285161,64.6671605058732,0,75.1083776504273,1,1,0,1,0,0,0
0.919,183.310053285161,64.6671605058732,0,75.1083776504273,1,1,0,1,0,0,0
0.92,183.310053285161,64.6671605058732,0,75.1083776504273,1,1,0,1,0,0,0
0.921,183.310053285161,64.6671605058732,0,75.1083776504273,1,1,0,1,0,0,0
0.922,183.310053285161,64.6671605058732,0,75.1083776504273,1,1,0,1,0,0,0
0.923,183.310053285161,64.6671605058732,0,75.1083776504273,1,1,0,1,0,0,0
0.924,183.310053285161,64.6671605058732,0,75.1083776504273,1,1,0,1,0,0,0
0.925,183.310053285161,64.6671605058732,0,75.1083776504273,1,1,0,1,0,0,0
0.926,183.310053285161,64.6671605058732,0,75.1083776504273,1,1,0,1,0,0,0
0.927,183.310053285161,64.6671605058732,0,75.1083776504273,1,1,0,1,0,0,0
0.928,183.310053285161,64.6671605058732,0,75.1083776504273,1,1,0,1,0,0,0
0.929,183.310053285161,64.6671605058732,0,75.1083776504273,1,1,0,1,0,0,0
0.93,183.310053285161,64.6671605058732,0,75.1083776504273,1,1,0,1,0,0,0
0.931,183.310053285161,64.6671605058732,0,75.1083776504273,1,1,0,1,0,0,0
0.932,183.310053285161,64.6671605058732,0,75.1083776504273,1,1,0,1,0,0,0
0.933,183.310053285161,64.6671605058732,0,75.1083776504273,1,1,0,1,0,0,0
0.934,183.310053285161,64.6671605058732,0,75.1083776504273,1,1,0,1,0,0,0
0.935,183.310053285161,64.6671605058732,0,75.1083776504273,1,1,0,1,0,0,0
0.936,183.310053285161,64.6671605058732,0,75.1083776504273,1,1,0,1,0,0,0
0.937,183.310053285161,64.6671605058732,0,75.1083776504273,1,1,0,1,0,0,0
0.938,183.310053285161,64.6671605058732,0,75.1083776504273,1,1,0,1,0,0,0
0.939,183.310053285161,64.6671605058732,0,75.1083776504273,1,1,0,1,0,0,0
0.94,183.310053285161,64.6671605058732,0,75.1083776504273,1,1,0,1,0,0,0
0.941,183.310053285161,64.6671605058732,0,75.1083776504273,1,1,0,1,0,0,0
0.942,183.310053285161,64.6671605058732,0,75.1083776504273,1,1,0,1,0,0,0
0.943,183.310053285161,64.6671605058732,0,75.1083776504273,1,1,0,1,0,0,0
0.944,183.310053285161,64.6671605058732,0,75.1083776504273,1,1,0,1,0,0,0
0.945,183.310053285161,64.6671605058732,0,75.1083776504273,1,1,0,1,0,0,0
0.946,183.310053285161,64.6671605058732,0,75.1083776504273,1,1,0,1,0,0,0
0.947,183.310053285161,64.6671605058732,0,75.1083776504273,1,1,0,1,0,0,0
0.948,183.310053285161,64.6671605058732,0,75.1083776504273,1,1,0,1,0,0,0
0.949,183.310053285161,64.6671605058732,0,75.1083776504273,1,1,0,1,0,0,0
0.95,183.310053285161,64.6671605058732,0,75.1083776504273,1,1,0,1,0,0,0
0.951,183.310053285161,64.6671605058732,0,75.1083776504273,1,1,0,1,0,0,0
0.952,183.310053285161,64.6671605058732,0,75.1083776504273,1,1,0,1,0,0,0
0.953,183.310053285161,64.6671605058732,0,75.1083776504273,1,1,0,1,0,0,0
0.954,183.310053285161,64.6671605058732,0,75.1083776504273,1,1,0,1,0,0,0
0.955,183.310053285161,64.6671605058732,0,75.1083776504273,1,1,0,1,0,0,0
0.956,183.310053285161,64.6671605058732,0,75.1083776504273,1,1,0,1,0,0,0
0.957,183.310053285161,64.6671605058732,0,75.1083776504273,1,1,0,1,0,0,0
0.958,183.310053285161,64.6671605058732,0,75.1083776504273,1,1,0,1,0,0,0
0.959,183.310053285161,64.6671605058732,0,75.1083776504273,1,1,0,1,0,0,0
0.96,183.310053285161,64.6671605058732,0,75.1083776504273,1,1,0,1,0,0,0
0.961,183.310053285161,64.6671605058732,0,75.1083776504273,1,1,0,1,0,0,0
0.962,183.310053285161,64.6671605058732,0,75.1083776504273,1,1,0,1,0,0,0
0.963,183.310053285161,64.6671605058732,0,75.1083776504273,1,1,0,1,0,0,0
0.964,183.310053285161,64.6671605058732,0,75.1083776504273,1,1,0,1,0,0,0
0.965,183.310053285161,64.6671605058732,0,75.1083776504273,1,1,0,1,0,0,0
0.966,183.310053285161,64.6671605058732,0,75.1083776504273,1,1,0,1,0,0,0
0.967,183.310053285161,64.6671605058732,0,75.1083776504273,1,1,0,1,0,0,0
0.968,183.310053285161,64.6671605058732,0,75.1083776504273,1,1,0,1,0,0,0
0.969,183.310053285161,64.6671605058732,0,75.1083776504273,1,1,0,1,0,0,0
0.97,183.310053285161,64.6671605058732,0,75.1083776504273,1,1,0,1,0,0,0
0.971,183.310053285161,64.6671605058732,0,75.1083776504273,1,1,0,1,0,0,0
0.972,183.310053285161,64.6671605058732,0,75.1083776504273,1,1,0,1,0,0,0
0.973,183.310053285161,64.6671605058732,0,75.1083776504273,1,1,0,1,0,0,0
0.974,183.310053285161,64.6671605058732,0,75.1083776504273,1,1,0,1,0,0,0
0.975,183.310053285161,64.6671605058732,0,75.1083776504273,1,1,0,1,0,0,0
0.976,183.310053285161,64.6671605058732,0,75.1083776504273,1,1,0,1,0,0,0
0.977,183.310053285161,64.6671605058732,0,75.1083776504273,1,1,0,1,0,0,0
0.978,183.310053285161,64.6671605058732,0,75.1083776504273,1,1,0,1,0,0,0
0.979,183.310053285161,64.6671605058732,0,75.1083776504273,1,1,0,1,0,0,0
0.98,183.310053285161,64.6671605058732,0,75.1083776504273,1,1,0,1,0,0,0
0.981,183.310053285161,64.6671605058732,0,75.1083776504273,1,1,0,1,0,0,0
0.982,183.310053285161,64.6671605058732,0,75.1083776504273,1,1,0,1,0,0,0
0.983,183.310053285161,64.6671605058732,0,75.1083776504273,1,1,0,1,0,0,0
0.984,183.310053285161,64.6671605058732,0,75.1083776504273,1,1,0,1,0,0,0
0.985,183.310053285161,64.6671605058732,0,75.1083776504273,1,1,0,1,0,0,0
0.986,183.310053285161,64.6671605058732,0,75.1083776504273,1,1,0,1,0,0,0
0.987,183.310053285161,64.6671605058732,0,75.1083776504273,1,1,0,1,0,0,0
0.988,183.310053285161,64.6671605058732,0,75.1083776504273,1,1,0,1,0,0,0
0.989,183.310053285161,64.6671605058732,0,75.1083776504273,1,1,0,1,0,0,0
0.99,183.310053285161,64.6671605058732,0,75.1083776504273,1,1,0,1,0,0,0
0.991,183.310053285161,64.6671605058732,0,75.1083776504273,1,1,0,1,0,0,0
0.992,183.310053285161,64.6671605058732,0,75.1083776504273,1,1,0,1,0,0,0
0.993,183.310053285161,64.6671605058732,0,75.1083776504273,1,1,0,1,0,0,0
0.994,183.310053285161,64.6671605058732,0,75.1083776504273,1,1,0,1,0,0,0
0.995,183.310053285161,64.6671605058732,0,75.1083776504273,1,1,0,1,0,0,0
0.996,183.310053285161,64.6671605058732,0,75.1083776504273,1,1,0,1,0,0,0
0.997,183.310053285161,64.6671605058732,0,75.1083776504273,1,1,0,1,0,0,0
0.998,183.310053285161,64.6671605058732,0,75.1083776504273,1,1,0,1,0,0,0
0.999,183.310053285161,64.6671605058732,0,75.1083776504273,1,1,0,1,0,0,0
1,183.310053285161,64.6671605058732,0,75.1083776504273,1,1,0,1,0,0,0
1.001,183.310053285161,64.6671605058732,0,75.1083776504273,1,1,0,1,0,0,0
1.002,183.310053285161,64.6671605058732,0,75.1083776504273,1,1,0,1,0,0,0
1.003,183.310053285161,64.6671605058732,0,75.1083776504273,1,1,0,1,0,0,0
1.004,183.310053285161,64.6671605058732,0,75.1083776504273,1,1,0,1,0,0,0
1.005,183.310053285161,64.6671605058732,0,75.1083776504273,1,1,0,1,0,0,0
1.006,183.310053285161,64.6671605058732,0,75.1083776504273,1,1,0,1,0,0,0
1.007,183.310053285161,64.6671605058732,0,75.1083776504273,1,1,0,1,0,0,0
1.008,183.310053285161,64.6671605058732,0,75.1083776504273,1,1,0,1,0,0,0
1.009,183.310053285161,64.6671605058732,0,75.1083776504273,1,1,0,1,0,0,0
1.01,183.310053285161,64.6671605058732,0,75.1083776504273,1,1,0,1,0,0,0
1.011,183.310053285161,64.6671605058732,0,75.1083776504273,1,1,0,1,0,0,0
1.012,183.310053285161,64.6671605058732,0,75.1083776504273,1,1,0,1,0,0,0
1.013,183.310053285161,64.6671605058732,0,75.1083776504273,1,1,0,1,0,0,0
1.014,183.310053285161,64.6671605058732,0,75.1083776504273,1,1,0,1,0,0,0
1.015,183.310053285161,64.6671605058732,0,75.1083776504273,1,1,0,1,0,0,0
1.016,183.310053285161,64.6671605058732,0,75.1083776504273,1,1,0,1,0,0,0
1.017,183.310053285161,64.6671605058732,0,75.1083776504273,1,1,0,1,0,0,0
1.018,183.310053285161,64.6671605058732,0,75.1083776504273,1,1,0,1,0,0,0
1.019,183.310053285161,64.6671605058732,0,75.1083776504273,1,1,0,1,0,0,0
1.02,183.310053285161,64.6671605058732,0,75.1083776504273,1,1,0,1,0,0,0
1.021,183.310053285161,64.6671605058732,0,75.1083776504273,1,1,0,1,0,0,0
1.022,183.310053285161,64.6671605058732,0,75.1083776504273,1,1,0,1,0,0,0
1.023,183.310053285161,64.6671605058732,0,75.1083776504273,1,1,0,1,0,0,0
1.024,183.310053285161,64.6671605058732,0,75.1083776504273,1,1,0,1,0,0,0
1.025,183.310053285161,64.6671605058732,0,75.1083776504273,1,1,0,1,0,0,0
1.026,183.310053285161,64.6671605058732,0,75.1083776504273,1,1,0,1,0,0,0
1.027,183.310053285161,64.6671605058732,0,75.1083776504273,1,1,0,1,0,0,0
1.028,183.310053285161,64.6671605058732,0,75.1083776504273,1,1,0,1,0,0,0
1.029,183.310053285161,64.6671605058732,0,75.1083776504273,1,1,0,1,0,0,0
1.03,183.310053285161,64.6671605058732,0,75.1083776504273,1,1,0,1,0,0,0
1.031,183.310053285161,64.6671605058732,0,75.1083776504273,1,1,0,1,0,0,0
1.032,183.310053285161,64.6671605058732,0,75.1083776504273,1,1,0,1,0,0,0
1.033,183.310053285161,64.6671605058732,0,75.1083776504273,1,1,0,1,0,0,0
1.034,183.310053285161,64.6671605058732,0,75.1083776504273,1,1,0,1,0,0,0
1.035,183.310053285161,64.6671605058732,0,75.1083776504273,1,1,0,1,0,0,0
1.036,183.310053285161,64.6671605058732,0,75.1083776504273,1,1,0,1,0,0,0
1.037,183.310053285161,64.6671605058732,0,75.1083776504273,1,1,0,1,0,0,0
1.038,183.310053285161,64.6671605058732,0,75.1083776504273,1,1,0,1,0,0,0
1.039,183.310053285161,64.6671605058732,0,75.1083776504273,1,1,0,1,0,0,0
1.04,183.310053285161,64.6671605058732,0,75.1083776504273,1,1,0,1,0,0,0
1.041,183.310053285161,64.6671605058732,0,75.1083776504273,1,1,0,1,0,0,0
1.042,183.310053285161,64.6671605058732,0,75.1083776504273,1,1,0,1,0,0,0
1.043,183.310053285161,64.6671605058732,0,75.1083776504273,1,1,0,1,0,0,0
1.044,183.310053285161,64.6671605058732,0,75.1083776504273,1,1,0,1,0,0,0
1.045,183.310053285161,64.6671605058732,0,75.1083776504273,1,1,0,1,0,0,0
1.046,183.310053285161,64.6671605058732,0,75.1083776504273,1,1,0,1,0,0,0
1.047,183.310053285161,64.6671605058732,0,75.1083776504273,1,1,0,1,0,0,0
1.048,183.310053285161,64.6671605058732,0,75.1083776504273,1,1,0,1,0,0,0
1.049,183.310053285161,64.6671605058732,0,75.1083776504273,1,1,0,1,0,0,0
1.05,183.310053285161,64.6671605058732,0,75.1083776504273,1,1,0,1,0,0,0
1.051,183.310053285161,64.6671605058732,0,75.1083776504273,1,1,0,1,0,0,0
1.052,183.310053285161,64.6671605058732,0,75.1083776504273,1,1,0,1,0,0,0
1.053,183.310053285161,64.6671605058732,0,75.1083776504273,1,1,0,1,0,0,0
1.054,183.310053285161,64.6671605058732,0,75.1083776504273,1,1,0,1,0,0,0
1.055,183.310053285161,64.6671605058732,0,75.1083776504273,1,1,0,1,0,0,0
1.056,183.310053285161,64.6671605058732,0,75.1083776504273,1,1,0,1,0,0,0
1.057,183.310053285161,64.6671605058732,0,75.1083776504273,1,1,0,1,0,0,0
1.058,183.310053285161,64.6671605058732,0,75.1083776504273,1,1,0,1,0,0,0
1.059,183.310053285161,64.6671605058732,0,75.1083776504273,1,1,0,1,0,0,0
1.06,183.310053285161,64.6671605058732,0,75.1083776504273,1,1,0,1,0,0,0
1.061,183.310053285161,64.6671605058732,0,75.1083776504273,1,1,0,1,0,0,0
1.062,183.310053285161,64.6671605058732,0,75.1083776504273,1,1,0,1,0,0,0
1.063,183.310053285161,64.6671605058732,0,75.1083776504273,1,1,0,1,0,0,0
1.064,183.310053285161,64.6671605058732,0,75.1083776504273,1,1,0,1,0,0,0
1.065,183.310053285161,64.6671605058732,0,75.1083776504273,1,1,0,1,0,0,0
1.066,183.310053285161,64.6671605058732,0,75.1083776504273,1,1,0,1,0,0,0
1.067,183.310053285161,64.6671605058732,0,75.1083776504273,1,1,0,1,0,0,0
1.068,183.310053285161,64.6671605058732,0,75.1083776504273,1,1,0,1,0,0,0
1.069,183.310053285161,64.6671605058732,0,75.1083776504273,1,1,0,1,0,0,0
1.07,183.310053285161,64.6671605058732,0,75.1083776504273,1,1,0,1,0,0,0
1.071,183.310053285161,64.6671605058732,0,75.1083776504273,1,1,0,1,0,0,0
1.072,183.310053285161,64.6671605058732,0,75.1083776504273,1,1,0,1,0,0,0
1.073,183.310053285161,64.6671605058732,0,75.1083776504273,1,1,0,1,0,0,0
1.074,183.310053285161,64.6671605058732,0,75.1083776504273,1,1,0,1,0,0,0
1.075,183.310053285161,64.6671605058732,0,75.1083776504273,1,1,0,1,0,0,0
1.076,183.310053285161,64.6671605058732,0,75.1083776504273,1,1,0,1,0,0,0
1.077,183.310053285161,64.6671605058732,0,75.1083776504273,1,1,0,1,0,0,0
1.078,183.310053285161,64.6671605058732,0,75.1083776504273,1,1,0,1,0,0,0
1.079,183.310053285161,64.6671605058732,0,75.1083776504273,1,1,0,1,0,0,0
1.08,183.310053285161,64.6671605058732,0,75.1083776504273,1,1,0,1,0,0,0
1.081,183.310053285161,64.6671605058732,0,75.1083776504273,1,1,0,1,0,0,0
1.082,183.310053285161,64.6671605058732,0,75.1083776504273,1,1,0,1,0,0,0
1.083,183.310053285161,64.6671605058732,0,75.1083776504273,1,1,0,1,0,0,0
1.084,183.310053285161,64.6671605058732,0,75.1083776504273,1,1,0,1,0,0,0
1.085,183.310053285161,64.6671605058732,0,75.1083776504273,1,1,0,1,0,0,0
1.086,183.310053285161,64.6671605058732,0,75.1083776504273,1,1,0,1,0,0,0
1.087,183.310053285161,64.6671605058732,0,75.1083776504273,1,1,0,1,0,0,0
1.088,183.310053285161,64.6671605058732,0,75.1083776504273,1,1,0,1,0,0,0
1.089,183.310053285161,64.6671605058732,0,75.1083776504273,1,1,0,1,0,0,0
1.09,183.310053285161,64.6671605058732,0,75.1083776504273,1,1,0,1,0,0,0
1.091,183.310053285161,64.6671605058732,0,75.1083776504273,1,1,0,1,0,0,0
1.092,183.310053285161,64.6671605058732,0,75.1083776504273,1,1,0,1,0,0,0
1.093,183.310053285161,64.6671605058732,0,75.1083776504273,1,1,0,1,0,0,0
1.094,183.310053285161,64.6671605058732,0,75.1083776504273,1,1,0,1,0,0,0
1.095,183.310053285161,64.6671605058732,0,75.1083776504273,1,1,0,1,0,0,0
1.096,183.310053285161,64.6671605058732,0,75.1083776504273,1,1,0,1,0,0,0
1.097,183.310053285161,64.6671605058732,0,75.1083776504273,1,1,0,1,0,0,0
1.098,183.310053285161,64.6671605058732,0,75.1083776504273,1,1,0,1,0,0,0
1.099,183.310053285161,64.6671605058732,0,75.1083776504273,1,1,0,1,0,0,0
1.1,183.310053285161,64.6671605058732,0,75.1083776504273,1,1,0,1,0,0,0
1.101,183.310053285161,64.6671605058732,0,75.1083776504273,1,1,0,1,0,0,0
1.102,183.310053285161,64.6671605058732,0,75.1083776504273,1,1,0,1,0,0,0
1.103,183.310053285161,64.6671605058732,0,75.1083776504273,1,1,0,1,0,0,0
1.104,183.310053285161,64.6671605058732,0,75.1083776504273,1,1,0,1,0,0,0
1.105,183.310053285161,64.6671605058732,0,75.1083776504273,1,1,0,1,0,0,0
1.106,183.310053285161,64.6671605058732,0,75.1083776504273,1,1,0,1,0,0,0
1.107,183.310053285161,64.6671605058732,0,75.1083776504273,1,1,0,1,0,0,0
1.108,183.310053285161,64.6671605058732,0,75.1083776504273,1,1,0,1,0,0,0
1.109,183.310053285161,64.6671605058732,0,75.1083776504273,1,1,0,1,0,0,0
1.11,183.310053285161,64.6671605058732,0,75.1083776504273,1,1,0,1,0,0,0
1.111,183.310053285161,64.6671605058732,0,75.1083776504273,1,1,0,1,0,0,0
1.112,183.310053285161,64.6671605058732,0,75.1083776504273,1,1,0,1,0,0,0
1.113,183.310053285161,64.6671605058732,0,75.1083776504273,1,1,0,1,0,0,0
1.114,183.310053285161,64.6671605058732,0,75.1083776504273,1,1,0,1,0,0,0
1.115,183.310053285161,64.6671605058732,0,75.1083776504273,1,1,0,1,0,0,0
1.116,183.310053285161,64.6671605058732,0,75.1083776504273,1,1,0,1,0,0,0
1.117,183.310053285161,64.6671605058732,0,75.1083776504273,1,1,0,1,0,0,0
1.118,183.310053285161,64.6671605058732,0,75.1083776504273,1,1,0,1,0,0,0
1.119,183.310053285161,64.6671605058732,0,75.1083776504273,1,1,0,1,0,0,0
1.12,183.310053285161,64.6671605058732,0,75.1083776504273,1,1,0,1,0,0,0
1.121,183.310053285161,64.6671605058732,0,75.1083776504273,1,1,0,1,0,0,0
1.122,183.310053285161,64.6671605058732,0,75.1083776504273,1,1,0,1,0,0,0
1.123,183.310053285161,64.6671605058732,0,75.1083776504273,1,1,0,1,0,0,0
1.124,183.310053285161,64.6671605058732,0,75.1083776504273,1,1,0,1,0,0,0
1.125,183.310053285161,64.6671605058732,0,75.1083776504273,1,1,0,1,0,0,0
1.126,183.310053285161,64.6671605058732,0,75.1083776504273,1,1,0,1,0,0,0
1.127,183.310053285161,64.6671605058732,0,75.1083776504273,1,1,0,1,0,0,0
1.128,183.310053285161,64.6671605058732,0,75.1083776504273,1,1,0,1,0,0,0
1.129,183.310053285161,64.6671605058732,0,75.1083776504273,1,1,0,1,0,0,0
1.13,183.310053285161,64.6671605058732,0,75.1083776504273,1,1,0,1,0,0,0
1.131,183.310053285161,64.6671605058732,0,75.1083776504273,1,1,0,1,0,0,0
1.132,183.310053285161,64.6671605058732,0,75.1083776504273,1,1,0,1,0,0,0
1.133,183.310053285161,64.6671605058732,0,75.1083776504273,1,1,0,1,0,0,0
1.134,183.310053285161,64.6671605058732,0,75.1083776504273,1,1,0,1,0,0,0
1.135,183.310053285161,64.6671605058732,0,75.1083776504273,1,1,0,1,0,0,0
1.136,183.310053285161,64.6671605058732,0,75.1083776504273,1,1,0,1,0,0,0
1.137,183.310053285161,64.6671605058732,0,75.1083776504273,1,1,0,1,0,0,0
1.138,183.310053285161,64.6671605058732,0,75.1083776504273,1,1,0,1,0,0,0
1.139,183.310053285161,64.6671605058732,0,75.1083776504273,1,1,0,1,0,0,0
1.14,183.310053285161,64.6671605058732,0,75.1083776504273,1,1,0,1,0,0,0
1.141,183.310053285161,64.6671605058732,0,75.1083776504273,1,1,0,1,0,0,0
1.142,183.310053285161,64.6671605058732,0,75.1083776504273,1,1,0,1,0,0,0
1.143,183.310053285161,64.6671605058732,0,75.1083776504273,1,1,0,1,0,0,0
1.144,183.310053285161,64.6671605058732,0,75.1083776504273,1,1,0,1,0,0,0
1.145,183.310053285161,64.6671605058732,0,75.1083776504273,1,1,0,1,0,0,0
1.146,183.310053285161,64.6671605058732,0,75.1083776504273,1,1,0,1,0,0,0
1.147,183.310053285161,64.6671605058732,0,75.1083776504273,1,1,0,1,0,0,0
1.148,183.310053285161,64.6671605058732,0,75.1083776504273,1,1,0,1,0,0,0
1.149,183.310053285161,64.6671605058732,0,75.1083776504273,1,1,0,1,0,0,0
1.15,183.310053285161,64.6671605058732,0,75.1083776504273,1,1,0,1,0,0,0
1.151,183.310053285161,64.6671605058732,0,75.1083776504273,1,1,0,1,0,0,0
1.152,183.310053285161,64.6671605058732,0,75.1083776504273,1,1,0,1,0,0,0
1.153,183.310053285161,64.6671605058732,0,75.1083776504273,1,1,0,1,0,0,0
1.154,183.310053285161,64.6671605058732,0,75.1083776504273,1,1,0,1,0,0,0
1.155,183.310053285161,64.6671605058732,0,75.1083776504273,1,1,0,1,0,0,0
1.156,183.310053285161,64.6671605058732,0,75.1083776504273,1,1,0,1,0,0,0
1.157,183.310053285161,64.6671605058732,0,75.1083776504273,1,1,0,1,0,0,0
1.158,183.310053285161,64.6671605058732,0,75.1083776504273,1,1,0,1,0,0,0
1.159,183.310053285161,64.6671605058732,0,75.1083776504273,1,1,0,1,0,0,0
1.16,183.310053285161,64.6671605058732,0,75.1083776504273,1,1,0,1,0,0,0
1.161,183.310053285161,64.6671605058732,0,75.1083776504273,1,1,0,1,0,0,0
1.162,183.310053285161,64.6671605058732,0,75.1083776504273,1,1,0,1,0,0,0
1.163,183.310053285161,64.6671605058732,0,75.1083776504273,1,1,0,1,0,0,0
1.164,183.310053285161,64.6671605058732,0,75.1083776504273,1,1,0,1,0,0,0
1.165,183.310053285161,64.6671605058732,0,75.1083776504273,1,1,0,1,0,0,0
1.166,183.310053285161,64.6671605058732,0,75.1083776504273,1,1,0,1,0,0,0
1.167,183.310053285161,64.6671605058732,0,75.1083776504273,1,1,0,1,0,0,0
1.168,183.310053285161,64.6671605058732,0,75.1083776504273,1,1,0,1,0,0,0
1.169,183.310053285161,64.6671605058732,0,75.1083776504273,1,1,0,1,0,0,0
1.17,183.310053285161,64.6671605058732,0,75.1083776504273,1,1,0,1,0,0,0
1.171,183.310053285161,64.6671605058732,0,75.1083776504273,1,1,0,1,0,0,0
1.172,183.310053285161,64.6671605058732,0,75.1083776504273,1,1,0,1,0,0,0
1.173,183.310053285161,64.6671605058732,0,75.1083776504273,1,1,0,1,0,0,0
1.174,183.310053285161,64.6671605058732,0,75.1083776504273,1,1,0,1,0,0,0
1.175,183.310053285161,64.6671605058732,0,75.1083776504273,1,1,0,1,0,0,0
1.176,183.310053285161,64.6671605058732,0,75.1083776504273,1,1,0,1,0,0,0
1.177,183.310053285161,64.6671605058732,0,75.1083776504273,1,1,0,1,0,0,0
1.178,183.310053285161,64.6671605058732,0,75.1083776504273,1,1,0,1,0,0,0
1.179,183.310053285161,64.6671605058732,0,75.1083776504273,1,1,0,1,0,0,0
1.18,183.310053285161,64.6671605058732,0,75.1083776504273,1,1,0,1,0,0,0
1.181,183.310053285161,64.6671605058732,0,75.1083776504273,1,1,0,1,0,0,0
1.182,183.310053285161,64.6671605058732,0,75.1083776504273,1,1,0,1,0,0,0
1.183,183.310053285161,64.6671605058732,0,75.1083776504273,1,1,0,1,0,0,0
1.184,183.310053285161,64.6671605058732,0,75.1083776504273,1,1,0,1,0,0,0
1.185,183.310053285161,64.6671605058732,0,75.1083776504273,1,1,0,1,0,0,0
1.186,183.310053285161,64.6671605058732,0,75.1083776504273,1,1,0,1,0,0,0
1.187,183.310053285161,64.6671605058732,0,75.1083776504273,1,1,0,1,0,0,0
1.188,183.310053285161,64.6671605058732,0,75.1083776504273,1,1,0,1,0,0,0
1.189,183.310053285161,64.6671605058732,0,75.1083776504273,1,1,0,1,0,0,0
1.19,183.310053285161,64.6671605058732,0,75.1083776504273,1,1,0,1,0,0,0
1.191,183.310053285161,64.6671605058732,0,75.1083776504273,1,1,0,1,0,0,0
1.192,183.310053285161,64.6671605058732,0,75.1083776504273,1,1,0,1,0,0,0
1.193,183.310053285161,64.6671605058732,0,75.1083776504273,1,1,0,1,0,0,0
1.194,183.310053285161,64.6671605058732,0,75.1083776504273,1,1,0,1,0,0,0
1.195,183.310053285161,64.6671605058732,0,75.1083776504273,1,1,0,1,0,0,0
1.196,183.310053285161,64.6671605058732,0,75.1083776504273,1,1,0,1,0,0,0
1.197,183.310053285161,64.6671605058732,0,75.1083776504273,1,1,0,1,0,0,0
1.198,183.310053285161,64.6671605058732,0,75.1083776504273,1,1,0,1,0,0,0
1.199,183.310053285161,64.6671605058732,0,75.1083776504273,1,1,0,1,0,0,0
1.2,183.310053285161,64.6671605058732,0,75.1083776504273,1,1,0,1,0,0,0
